<?xml version="1.0" encoding="UTF-8"?>
<project-private xmlns="http://www.netbeans.org/ns/project-private/1">
    <editor-bookmarks xmlns="http://www.netbeans.org/ns/editor-bookmarks/2" lastBookmarkId="0"/>
    <open-files xmlns="http://www.netbeans.org/ns/projectui-open-files/2">
        <group>
            <file>file:/home/jessica/university/4_ano/2_semestre/EA%20-%20AA/ws/GMSWeb/web/WEB-INF/myGames.jsp</file>
            <file>file:/home/jessica/university/4_ano/2_semestre/EA%20-%20AA/ws/GMSWeb/src/java/ws/Games.java</file>
            <file>file:/home/jessica/university/4_ano/2_semestre/EA%20-%20AA/ws/GMSWeb/src/java/web/Index.java</file>
            <file>file:/home/jessica/university/4_ano/2_semestre/EA%20-%20AA/ws/GMSWeb/web/WEB-INF/jax-ws-catalog.xml</file>
            <file>file:/home/jessica/university/4_ano/2_semestre/EA%20-%20AA/ws/GMSWeb/src/java/web/Search.java</file>
            <file>file:/home/jessica/university/4_ano/2_semestre/EA%20-%20AA/ws/GMSWeb/src/java/beans/NewSessionBean.java</file>
            <file>file:/home/jessica/university/4_ano/2_semestre/EA%20-%20AA/ws/GMSWeb/src/java/web/MyServlet.java</file>
            <file>file:/home/jessica/university/4_ano/2_semestre/EA%20-%20AA/ws/GMSWeb/web/WEB-INF/login.jsp</file>
            <file>file:/home/jessica/university/4_ano/2_semestre/EA%20-%20AA/ws/GMSWeb/web/WEB-INF/register.jsp</file>
            <file>file:/home/jessica/university/4_ano/2_semestre/EA%20-%20AA/ws/GMSWeb/web/WEB-INF/index.jsp</file>
            <file>file:/home/jessica/university/4_ano/2_semestre/EA%20-%20AA/ws/GMSWeb/web/WEB-INF/search.jsp</file>
            <file>file:/home/jessica/university/4_ano/2_semestre/EA%20-%20AA/ws/GMSWeb/src/java/web/Login.java</file>
        </group>
    </open-files>
</project-private>
