<scene>
      <lights>
            <light type="POINT" posX="0" posY="0" posZ="0" diffR="1" diffG="1" diffB="1" />
      </lights>
      <group>
            <!-- STARS -->
            <group>
                  <scale X="-100" Y="-100" Z="-100" />
                  <models>
                          <model file="sphere.3d" texture="../../texture/stars.jpg" emiR="0.4" emiG="0.4" emiB="0.4" />
                  </models>
            </group>
            <!-- SOLAR SYSTEM -->
            <group>
                  <!-- Sun -->
                  <scale X="3.6" Y="3.6" Z="3.6" />
                  <models>
                          <model file="sphere.3d" texture="../../texture/sun.jpg" emiR="0.8" emiG="0.8" emiB="0.8" />
                  </models>
            </group>
            <group>
                  <!-- Mercury -->
                  <translate time="10" >
                        <point X="25.000000" Y="0.000000" Z="0.000000" />
                        <point X="23.096989" Y="0.000000" Z="9.567086" />
                        <point X="17.677670" Y="0.000000" Z="17.677670" />
                        <point X="9.567086" Y="0.000000" Z="23.096989" />
                        <point X="0.000000" Y="0.000000" Z="25.000000" />
                        <point X="-9.567086" Y="0.000000" Z="23.096989" />
                        <point X="-17.677670" Y="0.000000" Z="17.677670" />
                        <point X="-23.096989" Y="0.000000" Z="9.567086" />
                        <point X="-25.000000" Y="0.000000" Z="0.000000" />
                        <point X="-23.096989" Y="0.000000" Z="-9.567086" />
                        <point X="-17.677670" Y="0.000000" Z="-17.677670" />
                        <point X="-9.567086" Y="0.000000" Z="-23.096989" />
                        <point X="-0.000000" Y="0.000000" Z="-25.000000" />
                        <point X="9.567086" Y="0.000000" Z="-23.096989" />
                        <point X="17.677670" Y="0.000000" Z="-17.677670" />
                        <point X="23.096989" Y="0.000000" Z="-9.567086" />
                  </translate>
                  <scale X="0.2" Y="0.2" Z="0.2" />
                  <rotate time="10" Y="1" />
                  <models>
                          <model file="sphere.3d" texture="../../texture/mercury.jpg"/>
                  </models>
            </group>
            <group>
                  <!-- Venus -->
                  <translate time="25" >
                        <point X="30.000000" Y="0.000000" Z="0.000000" />
                        <point X="27.716387" Y="0.000000" Z="11.480503" />
                        <point X="21.213203" Y="0.000000" Z="21.213203" />
                        <point X="11.480503" Y="0.000000" Z="27.716387" />
                        <point X="0.000000" Y="0.000000" Z="30.000000" />
                        <point X="-11.480503" Y="0.000000" Z="27.716387" />
                        <point X="-21.213203" Y="0.000000" Z="21.213203" />
                        <point X="-27.716387" Y="0.000000" Z="11.480503" />
                        <point X="-30.000000" Y="0.000000" Z="0.000000" />
                        <point X="-27.716387" Y="0.000000" Z="-11.480503" />
                        <point X="-21.213203" Y="0.000000" Z="-21.213203" />
                        <point X="-11.480503" Y="0.000000" Z="-27.716387" />
                        <point X="-0.000000" Y="0.000000" Z="-30.000000" />
                        <point X="11.480503" Y="0.000000" Z="-27.716387" />
                        <point X="21.213203" Y="0.000000" Z="-21.213203" />
                        <point X="27.716387" Y="0.000000" Z="-11.480503" />
                  </translate>
                  <rotate time="10" X="0" Y="1" Z="0" />
                  <scale X="0.4" Y="0.4" Z="0.4" />
                  <models>
                          <model file="sphere.3d" texture="../../texture/venus.jpg"  />
                  </models>
            </group>
            <group>
                  <!-- Earth -->
                  <translate time="40" >
                        <point X="43.000000" Y="0.000000" Z="0.000000" />
                        <point X="39.726818" Y="0.000000" Z="16.455387" />
                        <point X="30.405592" Y="0.000000" Z="30.405592" />
                        <point X="16.455387" Y="0.000000" Z="39.726818" />
                        <point X="0.000000" Y="0.000000" Z="43.000000" />
                        <point X="-16.455387" Y="0.000000" Z="39.726818" />
                        <point X="-30.405592" Y="0.000000" Z="30.405592" />
                        <point X="-39.726818" Y="0.000000" Z="16.455387" />
                        <point X="-43.000000" Y="0.000000" Z="0.000000" />
                        <point X="-39.726818" Y="0.000000" Z="-16.455387" />
                        <point X="-30.405592" Y="0.000000" Z="-30.405592" />
                        <point X="-16.455387" Y="0.000000" Z="-39.726818" />
                        <point X="-0.000000" Y="0.000000" Z="-43.000000" />
                        <point X="16.455387" Y="0.000000" Z="-39.726818" />
                        <point X="30.405592" Y="0.000000" Z="-30.405592" />
                        <point X="39.726818" Y="0.000000" Z="-16.455387" />
                  </translate>
                  <scale X="0.5" Y="0.5" Z="0.5" />
                  <rotate time="10" X="0" Y="1" Z="2" />
                   <models>
                          <model file="sphere.3d" texture="../../texture/earth.jpg" diffR="0.9" diffG="0.9" diffB="0.9" />
                  </models>
                  <group>
                        <!-- Moon -->
                        <rotate angle="90" X="1" />
                        <translate time="10" >
                              <point X="10.000000" Y="0.000000" Z="0.000000" />
                              <point X="9.238795" Y="0.000000" Z="3.826834" />
                              <point X="7.071068" Y="0.000000" Z="7.071068" />
                              <point X="3.826834" Y="0.000000" Z="9.238795" />
                              <point X="0.000000" Y="0.000000" Z="10.000000" />
                              <point X="-3.826834" Y="0.000000" Z="9.238795" />
                              <point X="-7.071068" Y="0.000000" Z="7.071068" />
                              <point X="-9.238795" Y="0.000000" Z="3.826834" />
                              <point X="-10.000000" Y="0.000000" Z="0.000000" />
                              <point X="-9.238795" Y="0.000000" Z="-3.826834" />
                              <point X="-7.071068" Y="0.000000" Z="-7.071068" />
                              <point X="-3.826834" Y="0.000000" Z="-9.238795" />
                              <point X="-0.000000" Y="0.000000" Z="-10.000000" />
                              <point X="3.826834" Y="0.000000" Z="-9.238795" />
                              <point X="7.071068" Y="0.000000" Z="-7.071068" />
                              <point X="9.238795" Y="0.000000" Z="-3.826834" />
                        </translate>
                        <scale X="0.3" Y="0.3" Z="0.3" />
                        <models>
                                <model file="sphere.3d" texture="../../texture/moon.jpg" />
                        </models>
                  </group>
            </group>
	    <group>
                  <!-- Mars -->
                  <translate time="70" >
                        <point X="55.000000" Y="0.000000" Z="0.000000" />
                        <point X="50.813374" Y="0.000000" Z="21.047588" />
                        <point X="38.890873" Y="0.000000" Z="38.890873" />
                        <point X="21.047588" Y="0.000000" Z="50.813374" />
                        <point X="0.000000" Y="0.000000" Z="55.000000" />
                        <point X="-21.047588" Y="0.000000" Z="50.813374" />
                        <point X="-38.890873" Y="0.000000" Z="38.890873" />
                        <point X="-50.813374" Y="0.000000" Z="21.047588" />
                        <point X="-55.000000" Y="0.000000" Z="0.000000" />
                        <point X="-50.813374" Y="0.000000" Z="-21.047588" />
                        <point X="-38.890873" Y="0.000000" Z="-38.890873" />
                        <point X="-21.047588" Y="0.000000" Z="-50.813374" />
                        <point X="-0.000000" Y="0.000000" Z="-55.000000" />
                        <point X="21.047588" Y="0.000000" Z="-50.813374" />
                        <point X="38.890873" Y="0.000000" Z="-38.890873" />
                        <point X="50.813374" Y="0.000000" Z="-21.047588" />
                  </translate>
                  <rotate time="10" X="0" Y="1" Z="0" />
                  <scale X="0.25" Y="0.25" Z="0.25" />
                  <models>
                          <model file="sphere.3d" texture="../../texture/mars.jpg"  />
                  </models>
            </group>
            <group>
                  <!-- Jupiter -->
                  <translate time="100" >
                        <point X="100.000000" Y="0.000000" Z="0.000000" />
                        <point X="92.387955" Y="0.000000" Z="38.268345" />
                        <point X="70.710678" Y="0.000000" Z="70.710678" />
                        <point X="38.268345" Y="0.000000" Z="92.387955" />
                        <point X="0.000000" Y="0.000000" Z="100.000000" />
                        <point X="-38.268345" Y="0.000000" Z="92.387955" />
                        <point X="-70.710678" Y="0.000000" Z="70.710678" />
                        <point X="-92.387955" Y="0.000000" Z="38.268345" />
                        <point X="-100.000000" Y="0.000000" Z="0.000000" />
                        <point X="-92.387955" Y="0.000000" Z="-38.268345" />
                        <point X="-70.710678" Y="0.000000" Z="-70.710678" />
                        <point X="-38.268345" Y="0.000000" Z="-92.387955" />
                        <point X="-0.000000" Y="0.000000" Z="-100.000000" />
                        <point X="38.268345" Y="0.000000" Z="-92.387955" />
                        <point X="70.710678" Y="0.000000" Z="-70.710678" />
                        <point X="92.387955" Y="0.000000" Z="-38.268345" />
                  </translate>
                  <rotate time="10" X="0" Y="1" Z="0" />
                  <scale X="0.7" Y="0.7" Z="0.7" />
                  <models>
		      <model file="sphere.3d" texture="../../texture/jupiter.jpg" />
                  </models>
                  <group>
                        <!-- Ganimedes -->
                        <scale X="0.35" Y="0.35" Z="0.35" />
                        <translate X="11" Y="12" Z="13" />
                        <models>
                              <model file="sphere.3d" diffR="0.1" diffG="0.2" diffB="0.3" />
                        </models>
                  </group>
                  <group>
                        <!-- Calisto  -->
                        <scale X="0.2" Y="0.2" Z="0.2" />
                        <translate X="-15" Y="15" Z="15" />
                        <models>
                              <model file="sphere.3d"  diffR="0.4" diffG="0.5" diffB="0.6" />
                        </models>
                  </group>
                  <group>
                        <!-- Io  -->
                        <scale X="0.15" Y="0.15" Z="0.15" />
                        <translate X="-25" Y="24" Z="-35" />
                        <models>
                              <model file="sphere.3d" diffR="0.7" diffG="0.8" diffB="0.9" />
                        </models>
                  </group>
                  <group>
                        <!-- Europa  -->
                        <scale X="0.25" Y="0.25" Z="0.25" />
                        <translate X="-17" Y="20" Z="-35" />
                        <models>
                              <model file="sphere.3d" diffR="1" diffG="0.9" diffB="0.8" />
                        </models>
                  </group>
            </group>
            <group>
             <!-- Saturno -->
                  <translate time="300" >
                        <point X="130.000000" Y="0.000000" Z="0.000000" />
                        <point X="120.104340" Y="0.000000" Z="49.748848" />
                        <point X="91.923882" Y="0.000000" Z="91.923882" />
                        <point X="49.748848" Y="0.000000" Z="120.104340" />
                        <point X="0.000000" Y="0.000000" Z="130.000000" />
                        <point X="-49.748848" Y="0.000000" Z="120.104340" />
                        <point X="-91.923882" Y="0.000000" Z="91.923882" />
                        <point X="-120.104340" Y="0.000000" Z="49.748848" />
                        <point X="-130.000000" Y="0.000000" Z="0.000000" />
                        <point X="-120.104340" Y="0.000000" Z="-49.748848" />
                        <point X="-91.923882" Y="0.000000" Z="-91.923882" />
                        <point X="-49.748848" Y="0.000000" Z="-120.104340" />
                        <point X="-0.000000" Y="0.000000" Z="-130.000000" />
                        <point X="49.748848" Y="0.000000" Z="-120.104340" />
                        <point X="91.923882" Y="0.000000" Z="-91.923882" />
                        <point X="120.104340" Y="0.000000" Z="-49.748848" />
                  </translate>
                  <rotate time="10" X="0" Y="1" Z="0" />
                  <scale X="1.4" Y="1.4" Z="1.4" />
                  <models>
                          <model file="sphere.3d" texture="../../texture/saturn.jpg" />
                  </models>
                  <group>
                        <!-- Ring -->
                        <rotate angle="90" X="1" />
                        <scale X="2" Z="0" Y="2" /> 
                        <models>
                                <model file="torus.3d" texture="../..texture/saturn_ring.jpg" emiR="0.2" emiG="0.2" emiB="0.2" />
                        </models>
                  </group>
                  <group>
                        <!-- Dione  -->
                        <translate X="1" Y="5" Z="-2" />
                        <scale X="0.1" Y="0.1" Z="0.1" />
                        <models>
                              <model file="sphere.3d" diffR="1" diffG="0.9" diffB="0.8"  />
                        </models>
                  </group>
            </group>
            <group>
                 <!-- Uranus -->
                  <translate time="400" >
                        <point X="155.000000" Y="0.000000" Z="0.000000" />
                        <point X="143.201324" Y="0.000000" Z="59.315933" />
                        <point X="109.601555" Y="0.000000" Z="109.601555" />
                        <point X="59.315933" Y="0.000000" Z="143.201324" />
                        <point X="0.000000" Y="0.000000" Z="155.000000" />
                        <point X="-59.315933" Y="0.000000" Z="143.201324" />
                        <point X="-109.601555" Y="0.000000" Z="109.601555" />
                        <point X="-143.201324" Y="0.000000" Z="59.315933" />
                        <point X="-155.000000" Y="0.000000" Z="0.000000" />
                        <point X="-143.201324" Y="0.000000" Z="-59.315933" />
                        <point X="-109.601555" Y="0.000000" Z="-109.601555" />
                        <point X="-59.315933" Y="0.000000" Z="-143.201324" />
                        <point X="-0.000000" Y="0.000000" Z="-155.000000" />
                        <point X="59.315933" Y="0.000000" Z="-143.201324" />
                        <point X="109.601555" Y="0.000000" Z="-109.601555" />
                        <point X="143.201324" Y="0.000000" Z="-59.315933" />
                  </translate>
                  <rotate time="10" X="0" Y="1" Z="0" />
                  <scale X="0.9" Y="0.9" Z="0.9" />
                  <models>
                          <model file="sphere.3d" texture="../../texture/uranus.jpg" />
                  </models>
                  <group>
                        <!-- Ring -->
                        <rotate angle="55" X="1" Y="1" />
                        <scale X="2" Z="0" Y="2" />
                        <models>
                                <model file="torus.3d" texture="../../texture/uranus_ring.jpg" />
                        </models>
                  </group>
            </group>
            <group>
             <!-- Neptune -->
                  <translate time="500" >
                        <point X="180.000000" Y="0.000000" Z="0.000000" />
                        <point X="166.298309" Y="0.000000" Z="68.883018" />
                        <point X="127.279221" Y="0.000000" Z="127.279221" />
                        <point X="68.883018" Y="0.000000" Z="166.298309" />
                        <point X="0.000000" Y="0.000000" Z="180.000000" />
                        <point X="-68.883018" Y="0.000000" Z="166.298309" />
                        <point X="-127.279221" Y="0.000000" Z="127.279221" />
                        <point X="-166.298309" Y="0.000000" Z="68.883018" />
                        <point X="-180.000000" Y="0.000000" Z="0.000000" />
                        <point X="-166.298309" Y="0.000000" Z="-68.883018" />
                        <point X="-127.279221" Y="0.000000" Z="-127.279221" />
                        <point X="-68.883018" Y="0.000000" Z="-166.298309" />
                        <point X="-0.000000" Y="0.000000" Z="-180.000000" />
                        <point X="68.883018" Y="0.000000" Z="-166.298309" />
                        <point X="127.279221" Y="0.000000" Z="-127.279221" />
                        <point X="166.298309" Y="0.000000" Z="-68.883018" />
                  </translate>
                  <rotate time="10" X="0" Y="1" Z="0" />
                  <scale X="0.6" Y="0.6" Z="0.6" />
                  <models>
                          <model file="sphere.3d" texture="../../texture/neptune.jpg" />
                  </models>
            </group>
            <group>
                  <!-- Comet -->
                  <rotate angle="45" X="1" />
                  <translate time="500" derivative="1" >
                        <point X="150.000000" Y="0.000000" Z="0.000000" />
                        <point X="0.000000" Y="0.000000" Z="150.000000" />
                        <point X="-150.000000" Y="0.000000" Z="0.000000" />
                        <point X="-50.000000" Y="0.000000" Z="-50.000000" />
                        <point X="0.000000" Y="0.000000" Z="-150.000000" />
                  </translate>
                  <scale X="0.6" Y="0.6" Z="0.6" />
                  <models>
                          <model file="teapot.3d" texture="../textures/mercury.jpg" />
                  </models>
            </group>
      </group>
</scene>
 
