<?xml version="1.0" encoding="utf-8" ?>
<!--
Licensee: Universidade do Minho
License Type: Academic
-->
<!DOCTYPE hibernate-mapping PUBLIC "-//Hibernate/Hibernate Mapping DTD 3.0//EN" "http://www.hibernate.org/dtd/hibernate-mapping-3.0.dtd">
<hibernate-mapping>
	<class name="main.Game" table="Game" lazy="false">
		<id name="ID" column="ID" type="integer" unsaved-value="0">
			<generator class="native">
			</generator>
		</id>
		<many-to-one name="platform" cascade="lock" column="PlatformID" class="main.Platform" not-null="true" lazy="proxy" access="field">
		</many-to-one>
		<property name="name" column="Name" type="string" length="255" not-null="false" lazy="false"/>
		<property name="year" column="Year" type="integer" length="10" not-null="true" lazy="false"/>
		<property name="price" column="Price" type="double" length="10" not-null="true" lazy="false"/>
		<property name="description" column="Description" type="string" length="255" not-null="false" lazy="false"/>
	</class>
</hibernate-mapping>
