<?xml version="1.0" encoding="utf-8" ?>
<!--
Licensee: Universidade do Minho
License Type: Academic
-->
<!DOCTYPE hibernate-mapping PUBLIC "-//Hibernate/Hibernate Mapping DTD 3.0//EN" "http://www.hibernate.org/dtd/hibernate-mapping-3.0.dtd">
<hibernate-mapping>
	<class name="main.Platform" table="Platform" lazy="false">
		<id name="ID" column="ID" type="integer" unsaved-value="0">
			<generator class="native">
			</generator>
		</id>
		<property name="name" column="Name" type="string" length="255" not-null="false" lazy="false"/>
		<property name="manufacturer" column="Manufacturer" type="string" length="255" not-null="false" lazy="false"/>
		<property name="description" column="Description" type="string" length="255" not-null="false" lazy="false"/>
		<property name="year" column="Year" type="integer" length="11" not-null="true" lazy="false"/>
	</class>
</hibernate-mapping>
