<?xml version="1.0" encoding="utf-8" ?>
<!--
Licensee: Universidade do Minho
License Type: Academic
-->
<!DOCTYPE hibernate-mapping PUBLIC "-//Hibernate/Hibernate Mapping DTD 3.0//EN" "http://www.hibernate.org/dtd/hibernate-mapping-3.0.dtd">
<hibernate-mapping>
	<class name="main.User" table="`User`" lazy="false">
		<id name="ID" column="ID" type="integer" unsaved-value="0">
			<generator class="native">
			</generator>
		</id>
		<property name="name" column="Name" type="string" length="255" not-null="false" lazy="false"/>
		<property name="email" column="Email" type="string" length="255" not-null="false" lazy="false"/>
		<property name="password" column="Password" type="string" length="255" not-null="false" lazy="false"/>
		<set name="ORM_Game" table="User_Game" lazy="true" cascade="save-update,lock">
			<key column="UserID" not-null="true"/>
			<many-to-many column="GameID" class="main.Game">
			</many-to-many>
		</set>
	</class>
</hibernate-mapping>
