<?xml version="1.0" encoding="UTF-8"?>

<Model quotesql="1" tablecharset="" mysql_version="504" mssql_version="2005" derby_version="106" ingres_version="9">
  <Entity name="User" PKClustered="0">
    <Column name="ID">
      <PrimaryKey>true</PrimaryKey>
      <ForeignKey>false</ForeignKey>
      <Type>9</Type>
      <Length>10</Length>
      <Nullable>false</Nullable>
      <IDGenerator>native</IDGenerator>
      <Unique>false</Unique>
      <Index>false</Index>
      <UserTypes/>
    </Column>
    <Column name="Name">
      <PrimaryKey>false</PrimaryKey>
      <ForeignKey>false</ForeignKey>
      <Type>27</Type>
      <Length>255</Length>
      <Nullable>true</Nullable>
      <IDGenerator>native</IDGenerator>
      <Unique>false</Unique>
      <Index>false</Index>
      <UserTypes/>
    </Column>
    <Column name="Email">
      <PrimaryKey>false</PrimaryKey>
      <ForeignKey>false</ForeignKey>
      <Type>27</Type>
      <Length>255</Length>
      <Nullable>true</Nullable>
      <IDGenerator>native</IDGenerator>
      <Unique>false</Unique>
      <Index>false</Index>
      <UserTypes/>
    </Column>
    <Column name="Password">
      <PrimaryKey>false</PrimaryKey>
      <ForeignKey>false</ForeignKey>
      <Type>27</Type>
      <Length>255</Length>
      <Nullable>true</Nullable>
      <IDGenerator>native</IDGenerator>
      <Unique>false</Unique>
      <Index>false</Index>
      <UserTypes/>
    </Column>
  </Entity>
  <Entity name="Game" PKClustered="0">
    <Column name="ID">
      <PrimaryKey>true</PrimaryKey>
      <ForeignKey>false</ForeignKey>
      <Type>9</Type>
      <Length>10</Length>
      <Nullable>false</Nullable>
      <IDGenerator>native</IDGenerator>
      <Unique>false</Unique>
      <Index>false</Index>
      <UserTypes/>
    </Column>
    <Column name="PlatformID">
      <PrimaryKey>false</PrimaryKey>
      <ForeignKey>true</ForeignKey>
      <ReferencedColumn>main.Platform.ID</ReferencedColumn>
      <Type>9</Type>
      <Length>10</Length>
      <Nullable>false</Nullable>
      <IDGenerator>native</IDGenerator>
      <Unique>false</Unique>
      <Index>false</Index>
      <UserTypes/>
    </Column>
    <Column name="Name">
      <PrimaryKey>false</PrimaryKey>
      <ForeignKey>false</ForeignKey>
      <Type>27</Type>
      <Length>255</Length>
      <Nullable>true</Nullable>
      <IDGenerator>native</IDGenerator>
      <Unique>false</Unique>
      <Index>false</Index>
      <UserTypes/>
    </Column>
    <Column name="Year">
      <PrimaryKey>false</PrimaryKey>
      <ForeignKey>false</ForeignKey>
      <Type>9</Type>
      <Length>10</Length>
      <Nullable>false</Nullable>
      <IDGenerator>native</IDGenerator>
      <Unique>false</Unique>
      <Index>false</Index>
      <UserTypes/>
    </Column>
    <Column name="Price">
      <PrimaryKey>false</PrimaryKey>
      <ForeignKey>false</ForeignKey>
      <Type>6</Type>
      <Length>10</Length>
      <Nullable>false</Nullable>
      <IDGenerator>native</IDGenerator>
      <Unique>false</Unique>
      <Index>false</Index>
      <UserTypes/>
    </Column>
    <Column name="Description">
      <PrimaryKey>false</PrimaryKey>
      <ForeignKey>false</ForeignKey>
      <Type>27</Type>
      <Length>255</Length>
      <Nullable>true</Nullable>
      <IDGenerator>native</IDGenerator>
      <Unique>false</Unique>
      <Index>false</Index>
      <UserTypes/>
    </Column>
  </Entity>
  <Entity name="Platform" PKClustered="0">
    <Column name="ID">
      <PrimaryKey>true</PrimaryKey>
      <ForeignKey>false</ForeignKey>
      <Type>9</Type>
      <Length>10</Length>
      <Nullable>false</Nullable>
      <IDGenerator>native</IDGenerator>
      <Unique>false</Unique>
      <Index>false</Index>
      <UserTypes/>
    </Column>
    <Column name="Name">
      <PrimaryKey>false</PrimaryKey>
      <ForeignKey>false</ForeignKey>
      <Type>27</Type>
      <Length>255</Length>
      <Nullable>true</Nullable>
      <IDGenerator>native</IDGenerator>
      <Unique>false</Unique>
      <Index>false</Index>
      <UserTypes/>
    </Column>
    <Column name="Manufacturer">
      <PrimaryKey>false</PrimaryKey>
      <ForeignKey>false</ForeignKey>
      <Type>27</Type>
      <Length>255</Length>
      <Nullable>true</Nullable>
      <IDGenerator>native</IDGenerator>
      <Unique>false</Unique>
      <Index>false</Index>
      <UserTypes/>
    </Column>
    <Column name="Description">
      <PrimaryKey>false</PrimaryKey>
      <ForeignKey>false</ForeignKey>
      <Type>27</Type>
      <Length>255</Length>
      <Nullable>true</Nullable>
      <IDGenerator>native</IDGenerator>
      <Unique>false</Unique>
      <Index>false</Index>
      <UserTypes/>
    </Column>
    <Column name="Year">
      <PrimaryKey>false</PrimaryKey>
      <ForeignKey>false</ForeignKey>
      <Type>9</Type>
      <Length>11</Length>
      <Nullable>false</Nullable>
      <IDGenerator>native</IDGenerator>
      <Unique>false</Unique>
      <Index>false</Index>
      <UserTypes/>
    </Column>
  </Entity>
  <Entity name="User_Game" PKClustered="0">
    <Column name="UserID">
      <PrimaryKey>true</PrimaryKey>
      <ForeignKey>true</ForeignKey>
      <ReferencedColumn>main.User.ID</ReferencedColumn>
      <Type>9</Type>
      <Length>10</Length>
      <Nullable>false</Nullable>
      <IDGenerator>assigned</IDGenerator>
      <Unique>false</Unique>
      <Index>false</Index>
      <UserTypes/>
    </Column>
    <Column name="GameID">
      <PrimaryKey>true</PrimaryKey>
      <ForeignKey>true</ForeignKey>
      <ReferencedColumn>main.Game.ID</ReferencedColumn>
      <Type>9</Type>
      <Length>10</Length>
      <Nullable>false</Nullable>
      <IDGenerator>assigned</IDGenerator>
      <Unique>false</Unique>
      <Index>false</Index>
      <UserTypes/>
    </Column>
  </Entity>
  <ForeignKey name="platform">
    <ReferenceTable>Game</ReferenceTable>
    <ReferencedTable>Platform</ReferencedTable>
    <Columns>
      <Column>PlatformID</Column>
    </Columns>
    <RefColumns>
      <Column>ID</Column>
    </RefColumns>
  </ForeignKey>
  <ForeignKey name="games">
    <ReferenceTable>User_Game</ReferenceTable>
    <ReferencedTable>User</ReferencedTable>
    <Columns>
      <Column>UserID</Column>
    </Columns>
    <RefColumns>
      <Column>ID</Column>
    </RefColumns>
  </ForeignKey>
  <ForeignKey name="games2">
    <ReferenceTable>User_Game</ReferenceTable>
    <ReferencedTable>Game</ReferencedTable>
    <Columns>
      <Column>GameID</Column>
    </Columns>
    <RefColumns>
      <Column>ID</Column>
    </RefColumns>
  </ForeignKey>
</Model>
