<scene>
      <group>
            <group>
                  <translate time="10" derivative="1">
                      <point X="10.000000" Y="0.000000" Z="0.000000" />
                      <point X="0.000000" Y="0.000000" Z="10.000000" />
                      <point X="-10.000000" Y="0.000000" Z="0.000000" />
                      <point X="-0.000000" Y="0.000000" Z="-10.000000" />
                  </translate>
                  <models>
                        <model file="teapot.3d" />
                  </models>
            </group>
      </group>
</scene>
