<scene>
      <group>
            <!-- SOLAR SYSTEM -->
            <group>
                  <!-- Sun -->
                  <scale X="3.6" Y="3.6" Z="3.6" />
                  <colour R="1" G="0.55" B="0.0" />
                  <models>
                        <model file="sphere.3d" />
                  </models>
            </group>
            <group>
                  <!-- Mercury -->
                  <translate time="10" >
                        <point X="25.000000" Y="0.000000" Z="0.000000" />
                        <point X="23.096989" Y="0.000000" Z="9.567086" />
                        <point X="17.677670" Y="0.000000" Z="17.677670" />
                        <point X="9.567086" Y="0.000000" Z="23.096989" />
                        <point X="0.000000" Y="0.000000" Z="25.000000" />
                        <point X="-9.567086" Y="0.000000" Z="23.096989" />
                        <point X="-17.677670" Y="0.000000" Z="17.677670" />
                        <point X="-23.096989" Y="0.000000" Z="9.567086" />
                        <point X="-25.000000" Y="0.000000" Z="0.000000" />
                        <point X="-23.096989" Y="0.000000" Z="-9.567086" />
                        <point X="-17.677670" Y="0.000000" Z="-17.677670" />
                        <point X="-9.567086" Y="0.000000" Z="-23.096989" />
                        <point X="-0.000000" Y="0.000000" Z="-25.000000" />
                        <point X="9.567086" Y="0.000000" Z="-23.096989" />
                        <point X="17.677670" Y="0.000000" Z="-17.677670" />
                        <point X="23.096989" Y="0.000000" Z="-9.567086" />
                  </translate>
                  <scale X="0.2" Y="0.2" Z="0.2" />  
                  <rotate time="10" Y="1" />
                  <colour R="0.2" G="0.2" B="0.2" />
                  <models>
                        <model file="sphere.3d" />
                  </models>
            </group>
            <group>
                  <!-- Venus -->
                  <translate time="25" >
                        <point X="30.000000" Y="0.000000" Z="0.000000" />
                        <point X="27.716387" Y="0.000000" Z="11.480503" />
                        <point X="21.213203" Y="0.000000" Z="21.213203" />
                        <point X="11.480503" Y="0.000000" Z="27.716387" />
                        <point X="0.000000" Y="0.000000" Z="30.000000" />
                        <point X="-11.480503" Y="0.000000" Z="27.716387" />
                        <point X="-21.213203" Y="0.000000" Z="21.213203" />
                        <point X="-27.716387" Y="0.000000" Z="11.480503" />
                        <point X="-30.000000" Y="0.000000" Z="0.000000" />
                        <point X="-27.716387" Y="0.000000" Z="-11.480503" />
                        <point X="-21.213203" Y="0.000000" Z="-21.213203" />
                        <point X="-11.480503" Y="0.000000" Z="-27.716387" />
                        <point X="-0.000000" Y="0.000000" Z="-30.000000" />
                        <point X="11.480503" Y="0.000000" Z="-27.716387" />
                        <point X="21.213203" Y="0.000000" Z="-21.213203" />
                        <point X="27.716387" Y="0.000000" Z="-11.480503" />
                  </translate>
                  <rotate time="10" X="0" Y="1" Z="0" />
                  <scale X="0.4" Y="0.4" Z="0.4" />  
                  <colour R="0.8" G="0.5" B="0.5" />
                  <models>
                        <model file="sphere.3d" />
                  </models>
            </group>
            <group>
                  <!-- Earth -->
                  <translate time="40" >
                        <point X="43.000000" Y="0.000000" Z="0.000000" />
                        <point X="39.726818" Y="0.000000" Z="16.455387" />
                        <point X="30.405592" Y="0.000000" Z="30.405592" />
                        <point X="16.455387" Y="0.000000" Z="39.726818" />
                        <point X="0.000000" Y="0.000000" Z="43.000000" />
                        <point X="-16.455387" Y="0.000000" Z="39.726818" />
                        <point X="-30.405592" Y="0.000000" Z="30.405592" />
                        <point X="-39.726818" Y="0.000000" Z="16.455387" />
                        <point X="-43.000000" Y="0.000000" Z="0.000000" />
                        <point X="-39.726818" Y="0.000000" Z="-16.455387" />
                        <point X="-30.405592" Y="0.000000" Z="-30.405592" />
                        <point X="-16.455387" Y="0.000000" Z="-39.726818" />
                        <point X="-0.000000" Y="0.000000" Z="-43.000000" />
                        <point X="16.455387" Y="0.000000" Z="-39.726818" />
                        <point X="30.405592" Y="0.000000" Z="-30.405592" />
                        <point X="39.726818" Y="0.000000" Z="-16.455387" />
                  </translate>
                  <scale X="0.5" Y="0.5" Z="0.5" />
                  <rotate time="10" X="0" Y="1" Z="2" />
                  <colour R="0.39" G="0.58" B="0.93" />
                  <models>
                        <model file="sphere.3d" />
                  </models>
                  <group>
                        <!-- Moon -->
                        <rotate angle="90" X="1" />
                        <translate time="10" >
                              <point X="10.000000" Y="0.000000" Z="0.000000" />
                              <point X="9.238795" Y="0.000000" Z="3.826834" />
                              <point X="7.071068" Y="0.000000" Z="7.071068" />
                              <point X="3.826834" Y="0.000000" Z="9.238795" />
                              <point X="0.000000" Y="0.000000" Z="10.000000" />
                              <point X="-3.826834" Y="0.000000" Z="9.238795" />
                              <point X="-7.071068" Y="0.000000" Z="7.071068" />
                              <point X="-9.238795" Y="0.000000" Z="3.826834" />
                              <point X="-10.000000" Y="0.000000" Z="0.000000" />
                              <point X="-9.238795" Y="0.000000" Z="-3.826834" />
                              <point X="-7.071068" Y="0.000000" Z="-7.071068" />
                              <point X="-3.826834" Y="0.000000" Z="-9.238795" />
                              <point X="-0.000000" Y="0.000000" Z="-10.000000" />
                              <point X="3.826834" Y="0.000000" Z="-9.238795" />
                              <point X="7.071068" Y="0.000000" Z="-7.071068" />
                              <point X="9.238795" Y="0.000000" Z="-3.826834" />
                        </translate>
                        <scale X="0.3" Y="0.3" Z="0.3" />
                        <colour R="0.2" G="0.2" B="0.2" />  
                        <models>
                              <model file="sphere.3d" />
                        </models>
                  </group>
            </group>
            <group>
                  <!-- Mars -->
                  <translate time="70" >
                        <point X="55.000000" Y="0.000000" Z="0.000000" />
                        <point X="50.813374" Y="0.000000" Z="21.047588" />
                        <point X="38.890873" Y="0.000000" Z="38.890873" />
                        <point X="21.047588" Y="0.000000" Z="50.813374" />
                        <point X="0.000000" Y="0.000000" Z="55.000000" />
                        <point X="-21.047588" Y="0.000000" Z="50.813374" />
                        <point X="-38.890873" Y="0.000000" Z="38.890873" />
                        <point X="-50.813374" Y="0.000000" Z="21.047588" />
                        <point X="-55.000000" Y="0.000000" Z="0.000000" />
                        <point X="-50.813374" Y="0.000000" Z="-21.047588" />
                        <point X="-38.890873" Y="0.000000" Z="-38.890873" />
                        <point X="-21.047588" Y="0.000000" Z="-50.813374" />
                        <point X="-0.000000" Y="0.000000" Z="-55.000000" />
                        <point X="21.047588" Y="0.000000" Z="-50.813374" />
                        <point X="38.890873" Y="0.000000" Z="-38.890873" />
                        <point X="50.813374" Y="0.000000" Z="-21.047588" />
                  </translate>
                  <rotate time="10" X="0" Y="1" Z="0" />
                  <scale X="0.25" Y="0.25" Z="0.25" />  
                  <colour R="0.82" G="0.41" B="0.12" />  
                  <models>
                        <model file="sphere.3d" />
                  </models>
            </group>
            <group>
                  <!-- Jupiter -->
                  <translate time="100" >
                        <point X="100.000000" Y="0.000000" Z="0.000000" />
                        <point X="92.387955" Y="0.000000" Z="38.268345" />
                        <point X="70.710678" Y="0.000000" Z="70.710678" />
                        <point X="38.268345" Y="0.000000" Z="92.387955" />
                        <point X="0.000000" Y="0.000000" Z="100.000000" />
                        <point X="-38.268345" Y="0.000000" Z="92.387955" />
                        <point X="-70.710678" Y="0.000000" Z="70.710678" />
                        <point X="-92.387955" Y="0.000000" Z="38.268345" />
                        <point X="-100.000000" Y="0.000000" Z="0.000000" />
                        <point X="-92.387955" Y="0.000000" Z="-38.268345" />
                        <point X="-70.710678" Y="0.000000" Z="-70.710678" />
                        <point X="-38.268345" Y="0.000000" Z="-92.387955" />
                        <point X="-0.000000" Y="0.000000" Z="-100.000000" />
                        <point X="38.268345" Y="0.000000" Z="-92.387955" />
                        <point X="70.710678" Y="0.000000" Z="-70.710678" />
                        <point X="92.387955" Y="0.000000" Z="-38.268345" />
                  </translate>
                  <rotate time="10" X="0" Y="1" Z="0" />
                  <scale X="0.7" Y="0.7" Z="0.7" />  
                  <colour R="0.82" G="0.71" B="0.55" />
                  <models>
                        <model file="sphere.3d" />
                  </models>
                  <group>
                        <!-- Ganimedes -->
                        <scale X="0.35" Y="0.35" Z="0.35" />  
                        <translate X="11" Y="12" Z="13" />
                        <colour R="0.66" G="0.66" B="0.66" />
                        <models>
                              <model file="sphere.3d" />
                        </models>
                  </group>
                  <group>
                        <!-- Calisto  -->
                        <scale X="0.2" Y="0.2" Z="0.2" />  
                        <translate X="-15" Y="15" Z="15" />
                        <colour R="0.5" G="0.5" B="0.5" />
                        <models>
                              <model file="sphere.3d" />
                        </models>
                  </group>
                  <group>
                        <!-- Io  -->
                        <scale X="0.15" Y="0.15" Z="0.15" />  
                        <translate X="-25" Y="24" Z="-35" />
                        <colour R="0.96" G="0.77" B="0.19" />
                        <models>
                              <model file="sphere.3d" />
                        </models>
                  </group>
                  <group>
                        <!-- Europa  -->
                        <scale X="0.25" Y="0.25" Z="0.25" />  
                        <translate X="-17" Y="20" Z="-35" />
                        <colour R="0.74" G="0.72" B="0.42" />
                        <models>
                              <model file="sphere.3d" />
                        </models>
                  </group>
            </group>
            <group>
                  <!-- Saturno -->
                  <translate time="300" >
                        <point X="130.000000" Y="0.000000" Z="0.000000" />
                        <point X="120.104340" Y="0.000000" Z="49.748848" />
                        <point X="91.923882" Y="0.000000" Z="91.923882" />
                        <point X="49.748848" Y="0.000000" Z="120.104340" />
                        <point X="0.000000" Y="0.000000" Z="130.000000" />
                        <point X="-49.748848" Y="0.000000" Z="120.104340" />
                        <point X="-91.923882" Y="0.000000" Z="91.923882" />
                        <point X="-120.104340" Y="0.000000" Z="49.748848" />
                        <point X="-130.000000" Y="0.000000" Z="0.000000" />
                        <point X="-120.104340" Y="0.000000" Z="-49.748848" />
                        <point X="-91.923882" Y="0.000000" Z="-91.923882" />
                        <point X="-49.748848" Y="0.000000" Z="-120.104340" />
                        <point X="-0.000000" Y="0.000000" Z="-130.000000" />
                        <point X="49.748848" Y="0.000000" Z="-120.104340" />
                        <point X="91.923882" Y="0.000000" Z="-91.923882" />
                        <point X="120.104340" Y="0.000000" Z="-49.748848" />
                  </translate>
                  <rotate time="10" X="0" Y="1" Z="0" />
                  <rotate time="10" X="0" Y="1" Z="0" />
                  <scale X="1.4" Y="1.4" Z="1.4" /> 
                  <colour R="0.8" G="0.6" B="0.6" /> 
                  <models>
                        <model file="sphere.3d" />
                  </models>
                  <group>
                        <!-- Ring -->
                        <rotate angle="90" X="1" />
                        <scale X="2" Z="0" Y="2" /> 
                        <colour R="0.8" G="0.6" B="0.4" />
                        <models>
                              <model file="torus.3d" />
                        </models>
                  </group>
                  <group>
                        <!-- Dione  -->
                        <translate X="1" Y="5" Z="-2" />
                        <scale X="0.1" Y="0.1" Z="0.1" />  
                        <colour R="0.2" G="0.2" B="0.2" />
                        <models>
                              <model file="sphere.3d" />
                        </models>
                  </group>
            </group>
            <group>
                  <!-- Uranus -->
                  <translate time="400" >
                        <point X="155.000000" Y="0.000000" Z="0.000000" />
                        <point X="143.201324" Y="0.000000" Z="59.315933" />
                        <point X="109.601555" Y="0.000000" Z="109.601555" />
                        <point X="59.315933" Y="0.000000" Z="143.201324" />
                        <point X="0.000000" Y="0.000000" Z="155.000000" />
                        <point X="-59.315933" Y="0.000000" Z="143.201324" />
                        <point X="-109.601555" Y="0.000000" Z="109.601555" />
                        <point X="-143.201324" Y="0.000000" Z="59.315933" />
                        <point X="-155.000000" Y="0.000000" Z="0.000000" />
                        <point X="-143.201324" Y="0.000000" Z="-59.315933" />
                        <point X="-109.601555" Y="0.000000" Z="-109.601555" />
                        <point X="-59.315933" Y="0.000000" Z="-143.201324" />
                        <point X="-0.000000" Y="0.000000" Z="-155.000000" />
                        <point X="59.315933" Y="0.000000" Z="-143.201324" />
                        <point X="109.601555" Y="0.000000" Z="-109.601555" />
                        <point X="143.201324" Y="0.000000" Z="-59.315933" />
                  </translate>
                  <rotate time="10" X="0" Y="1" Z="0" />
                  <scale X="0.9" Y="0.9" Z="0.9" />  
                  <colour R="0.69" G="0.88" B="0.9" />
                  <models>
                        <model file="sphere.3d" />
                  </models>
                  <group>
                        <!-- Ring -->
                        <rotate angle="55" X="1" Y="1" />
                        <scale X="2" Z="0" Y="2" />
                        <colour R="0.69" G="0.88" B="0.9" />
                        <models>
                              <model file="torus.3d" />
                        </models>
                  </group>
            </group>
            <group>
                  <!-- Neptune -->
                  <translate time="500" >
                        <point X="180.000000" Y="0.000000" Z="0.000000" />
                        <point X="166.298309" Y="0.000000" Z="68.883018" />
                        <point X="127.279221" Y="0.000000" Z="127.279221" />
                        <point X="68.883018" Y="0.000000" Z="166.298309" />
                        <point X="0.000000" Y="0.000000" Z="180.000000" />
                        <point X="-68.883018" Y="0.000000" Z="166.298309" />
                        <point X="-127.279221" Y="0.000000" Z="127.279221" />
                        <point X="-166.298309" Y="0.000000" Z="68.883018" />
                        <point X="-180.000000" Y="0.000000" Z="0.000000" />
                        <point X="-166.298309" Y="0.000000" Z="-68.883018" />
                        <point X="-127.279221" Y="0.000000" Z="-127.279221" />
                        <point X="-68.883018" Y="0.000000" Z="-166.298309" />
                        <point X="-0.000000" Y="0.000000" Z="-180.000000" />
                        <point X="68.883018" Y="0.000000" Z="-166.298309" />
                        <point X="127.279221" Y="0.000000" Z="-127.279221" />
                        <point X="166.298309" Y="0.000000" Z="-68.883018" />
                  </translate>
                  <rotate time="10" X="0" Y="1" Z="0" />
                  <scale X="0.6" Y="0.6" Z="0.6" /> 
                  <colour R="0.2" G="0.2" B="1.0" /> 
                  <models>
                        <model file="sphere.3d" />
                  </models>
            </group>
            <group>
                  <!-- Comet -->
                  <rotate angle="45" X="1" />
                  <translate time="500" derivative="1" >
                        <point X="250.000000" Y="0.000000" Z="0.000000" />
                        <point X="0.000000" Y="0.000000" Z="250.000000" />
                        <point X="-250.000000" Y="0.000000" Z="0.000000" />
                        <point X="-100.000000" Y="0.000000" Z="-100.000000" />
                        <point X="0.000000" Y="0.000000" Z="-250.000000" />
                  </translate>
                  <scale X="0.6" Y="0.6" Z="0.6" />  
                  <colour R="0.94" G="1.0" B="1.0" />
                  <models>
                        <model file="teapot.3d" />
                  </models>
            </group>
      </group>
</scene>
