ID,Reason for absence,Month of absence,Day of the week,Seasons,Transportation expense,Distance from Residence to Work,Service time,Age,Work load Average/day ,Hit target,Disciplinary failure,Education,Son,Social drinker,Social smoker,Pet,Weight,Height,Body mass index,Absent
00001,26,7,3,1,289,36,13,33,"239,554",97,0,1,2,1,0,1,90,172,30,1
00002,0,7,3,1,118,13,18,50,"239,554",97,1,1,1,1,0,0,98,178,31,0
00003,23,7,4,1,179,51,18,38,"239,554",97,0,1,0,1,0,0,89,170,31,1
00004,7,7,5,1,279,5,14,39,"239,554",97,0,1,2,1,1,0,68,168,24,1
00005,23,7,5,1,289,36,13,33,"239,554",97,0,1,2,1,0,1,90,172,30,1
00006,23,7,6,1,179,51,18,38,"239,554",97,0,1,0,1,0,0,89,170,31,1
00007,22,7,6,1,361,52,3,28,"239,554",97,0,1,1,1,0,4,80,172,27,1
00008,23,7,6,1,260,50,11,36,"239,554",97,0,1,4,1,0,0,65,168,23,1
00009,19,7,2,1,155,12,14,34,"239,554",97,0,1,2,1,0,0,95,196,25,1
00010,22,7,2,1,235,11,14,37,"239,554",97,0,3,1,0,0,1,88,172,29,1
00011,1,7,2,1,260,50,11,36,"239,554",97,0,1,4,1,0,0,65,168,23,1
00012,1,7,3,1,260,50,11,36,"239,554",97,0,1,4,1,0,0,65,168,23,1
00013,11,7,4,1,260,50,11,36,"239,554",97,0,1,4,1,0,0,65,168,23,1
00014,11,7,4,1,179,51,18,38,"239,554",97,0,1,0,1,0,0,89,170,31,0
00015,23,7,4,1,179,51,18,38,"239,554",97,0,1,0,1,0,0,89,170,31,1
00016,14,7,6,1,246,25,16,41,"239,554",97,0,1,0,1,0,0,67,170,23,1
00017,23,7,6,1,179,51,18,38,"239,554",97,0,1,0,1,0,0,89,170,31,1
00018,21,7,2,1,179,51,18,38,"239,554",97,0,1,0,1,0,0,89,170,31,1
00019,11,7,5,1,189,29,13,33,"239,554",97,0,1,2,0,0,2,69,167,25,1
00020,23,8,4,1,248,25,14,47,"205,917",92,0,1,2,0,0,1,86,165,32,1
00021,10,8,4,1,330,16,4,28,"205,917",92,0,2,0,0,0,0,84,182,25,1
00022,11,8,2,1,179,51,18,38,"205,917",92,0,1,0,1,0,0,89,170,31,0
00023,13,8,2,1,361,52,3,28,"205,917",92,0,1,1,1,0,4,80,172,27,1
00024,28,8,6,1,260,50,11,36,"205,917",92,0,1,4,1,0,0,65,168,23,1
00025,18,8,2,1,289,36,13,33,"205,917",92,0,1,2,1,0,1,90,172,30,1
00026,25,8,2,1,361,52,3,28,"205,917",92,0,1,1,1,0,4,80,172,27,1
00027,23,8,3,1,289,36,13,33,"205,917",92,0,1,2,1,0,1,90,172,30,0
00028,28,8,4,1,157,27,6,29,"205,917",92,0,1,0,1,1,0,75,185,22,1
00029,18,8,4,1,289,36,13,33,"205,917",92,0,1,2,1,0,1,90,172,30,1
00030,23,8,6,1,179,51,18,38,"205,917",92,0,1,0,1,0,0,89,170,31,1
00031,18,8,2,1,179,51,18,38,"205,917",92,0,1,0,1,0,0,89,170,31,1
00032,18,8,5,1,235,29,12,48,"205,917",92,0,1,1,0,1,5,88,163,33,1
00033,23,8,5,1,235,11,14,37,"205,917",92,0,3,1,0,0,1,88,172,29,1
00034,18,8,2,1,235,29,12,48,"205,917",92,0,1,1,0,1,5,88,163,33,1
00035,23,8,2,1,179,51,18,38,"205,917",92,0,1,0,1,0,0,89,170,31,1
00036,23,8,2,1,361,52,3,28,"205,917",92,0,1,1,1,0,4,80,172,27,0
00037,24,8,3,1,289,36,13,33,"205,917",92,0,1,2,1,0,1,90,172,30,1
00038,11,8,5,1,291,50,12,32,"205,917",92,0,1,0,1,0,0,65,169,23,1
00039,28,8,6,1,235,29,12,48,"205,917",92,0,1,1,0,1,5,88,163,33,1
00040,23,8,6,1,260,50,11,36,"205,917",92,0,1,4,1,0,0,65,168,23,1
00041,23,9,3,1,184,42,7,27,"241,476",92,0,1,0,0,0,0,58,167,21,1
00042,23,9,2,1,118,10,10,37,"241,476",92,0,1,0,0,0,0,83,172,28,1
00043,23,9,3,1,179,51,18,38,"241,476",92,0,1,0,1,0,0,89,170,31,1
00044,19,9,3,1,235,20,13,43,"241,476",92,0,1,1,1,0,0,106,167,38,1
00045,23,9,4,1,155,12,14,34,"241,476",92,0,1,2,1,0,0,95,196,25,1
00046,23,9,2,1,118,10,10,37,"241,476",92,0,1,0,0,0,0,83,172,28,1
00047,23,9,3,1,179,51,18,38,"241,476",92,0,1,0,1,0,0,89,170,31,1
00048,23,9,5,1,291,31,12,40,"241,476",92,0,1,1,1,0,1,73,171,25,1
00049,22,9,6,1,260,50,11,36,"241,476",92,0,1,4,1,0,0,65,168,23,1
00050,14,9,2,4,291,31,12,40,"241,476",92,0,1,1,1,0,1,73,171,25,1
00051,0,9,2,4,260,50,11,36,"241,476",92,1,1,4,1,0,0,65,168,23,0
00052,0,9,2,4,225,26,9,28,"241,476",92,1,1,1,0,0,2,69,169,24,0
00053,23,9,3,4,225,26,9,28,"241,476",92,0,1,1,0,0,2,69,169,24,1
00054,23,9,3,4,118,10,10,37,"241,476",92,0,1,0,0,0,0,83,172,28,1
00055,0,9,3,4,289,36,13,33,"241,476",92,1,1,2,1,0,1,90,172,30,0
00056,0,9,3,4,118,13,18,50,"241,476",92,1,1,1,1,0,0,98,178,31,0
00057,18,9,4,4,225,26,9,28,"241,476",92,0,1,1,0,0,2,69,169,24,1
00058,23,9,4,4,179,51,18,38,"241,476",92,0,1,0,1,0,0,89,170,31,1
00059,0,9,4,4,369,17,12,31,"241,476",92,1,1,3,1,0,0,70,169,25,0
00060,23,9,6,4,248,25,14,47,"241,476",92,0,1,2,0,0,1,86,165,32,0
00061,23,9,6,4,179,51,18,38,"241,476",92,0,1,0,1,0,0,89,170,31,1
00062,23,9,6,4,260,50,11,36,"241,476",92,0,1,4,1,0,0,65,168,23,1
00063,23,10,3,4,179,51,18,38,"253,465",93,0,1,0,1,0,0,89,170,31,1
00064,23,10,3,4,118,10,10,37,"253,465",93,0,1,0,0,0,0,83,172,28,1
00065,0,10,4,4,118,13,18,50,"253,465",93,1,1,1,1,0,0,98,178,31,0
00066,23,10,5,4,179,26,9,30,"253,465",93,0,3,0,0,0,0,56,171,19,0
00067,23,10,6,4,179,51,18,38,"253,465",93,0,1,0,1,0,0,89,170,31,1
00068,23,10,6,4,225,26,9,28,"253,465",93,0,1,1,0,0,2,69,169,24,1
00069,23,10,3,4,118,10,10,37,"253,465",93,0,1,0,0,0,0,83,172,28,1
00070,23,10,4,4,225,26,9,28,"253,465",93,0,1,1,0,0,2,69,169,24,1
00071,23,10,4,4,248,25,14,47,"253,465",93,0,1,2,0,0,1,86,165,32,1
00072,23,10,5,4,291,31,12,40,"253,465",93,0,1,1,1,0,1,73,171,25,1
00073,23,10,4,4,179,51,18,38,"253,465",93,0,1,0,1,0,0,89,170,31,1
00074,23,10,4,4,225,26,9,28,"253,465",93,0,1,1,0,0,2,69,169,24,1
00075,19,10,5,4,260,50,11,36,"253,465",93,0,1,4,1,0,0,65,168,23,1
00076,14,10,3,4,291,31,12,40,"253,465",93,0,1,1,1,0,1,73,171,25,1
00077,28,10,3,4,225,26,9,28,"253,465",93,0,1,1,0,0,2,69,169,24,1
00078,26,10,4,4,289,36,13,33,"253,465",93,0,1,2,1,0,1,90,172,30,1
00079,23,10,6,4,361,52,3,28,"253,465",93,0,1,1,1,0,4,80,172,27,0
00080,28,10,6,4,260,50,11,36,"253,465",93,0,1,4,1,0,0,65,168,23,1
00081,23,11,5,4,179,51,18,38,"306,345",93,0,1,0,1,0,0,89,170,31,0
00082,23,11,4,4,225,26,9,28,"306,345",93,0,1,1,0,0,2,69,169,24,0
00083,13,11,5,4,179,51,18,38,"306,345",93,0,1,0,1,0,0,89,170,31,1
00084,21,11,5,4,179,22,17,40,"306,345",93,0,2,2,0,1,0,63,170,22,1
00085,23,11,5,4,291,31,12,40,"306,345",93,0,1,1,1,0,1,73,171,25,1
00086,10,11,2,4,155,12,14,34,"306,345",93,0,1,2,1,0,0,95,196,25,1
00087,22,11,2,4,189,29,13,33,"306,345",93,0,1,2,0,0,2,69,167,25,1
00088,14,11,2,4,291,31,12,40,"306,345",93,0,1,1,1,0,1,73,171,25,1
00089,23,11,4,4,225,26,9,28,"306,345",93,0,1,1,0,0,2,69,169,24,0
00090,6,11,6,4,155,12,14,34,"306,345",93,0,1,2,1,0,0,95,196,25,1
00091,23,11,4,4,225,26,9,28,"306,345",93,0,1,1,0,0,2,69,169,24,1
00092,21,11,4,4,179,22,17,40,"306,345",93,0,2,2,0,1,0,63,170,22,1
00093,13,11,6,4,225,26,9,28,"306,345",93,0,1,1,0,0,2,69,169,24,1
00094,28,11,6,4,260,50,11,36,"306,345",93,0,1,4,1,0,0,65,168,23,1
00095,28,11,2,4,248,25,14,47,"306,345",93,0,1,2,0,0,1,86,165,32,0
00096,28,11,3,4,225,26,9,28,"306,345",93,0,1,1,0,0,2,69,169,24,1
00097,7,11,4,4,289,36,13,33,"306,345",93,0,1,2,1,0,1,90,172,30,1
00098,23,11,5,4,291,31,12,40,"306,345",93,0,1,1,1,0,1,73,171,25,1
00099,23,12,3,4,248,25,14,47,"261,306",97,0,1,2,0,0,1,86,165,32,0
00100,19,12,3,4,118,10,10,37,"261,306",97,0,1,0,0,0,0,83,172,28,1
00101,23,12,4,4,118,13,18,50,"261,306",97,0,1,1,1,0,0,98,178,31,1
00102,26,12,4,4,235,11,14,37,"261,306",97,0,3,1,0,0,1,88,172,29,1
00103,23,12,5,4,225,26,9,28,"261,306",97,0,1,1,0,0,2,69,169,24,1
00104,26,12,6,4,260,50,11,36,"261,306",97,0,1,4,1,0,0,65,168,23,1
00105,19,12,3,4,118,10,10,37,"261,306",97,0,1,0,0,0,0,83,172,28,1
00106,22,12,4,4,361,52,3,28,"261,306",97,0,1,1,1,0,4,80,172,27,1
00107,28,12,5,4,225,26,9,28,"261,306",97,0,1,1,0,0,2,69,169,24,1
00108,28,12,6,4,260,50,11,36,"261,306",97,0,1,4,1,0,0,65,168,23,1
00109,23,12,3,4,225,26,9,28,"261,306",97,0,1,1,0,0,2,69,169,24,1
00110,22,12,4,4,361,52,3,28,"261,306",97,0,1,1,1,0,4,80,172,27,1
00111,27,12,6,4,118,10,10,37,"261,306",97,0,1,0,0,0,0,83,172,28,1
00112,19,12,6,2,246,25,16,41,"261,306",97,0,1,0,1,0,0,67,170,23,1
00113,23,12,6,2,225,26,9,28,"261,306",97,0,1,1,0,0,2,69,169,24,1
00114,23,1,4,2,225,26,9,28,"308,593",95,0,1,1,0,0,2,69,169,24,0
00115,19,1,2,2,118,10,10,37,"308,593",95,0,1,0,0,0,0,83,172,28,0
00116,27,1,3,2,118,10,10,37,"308,593",95,0,1,0,0,0,0,83,172,28,0
00117,18,1,3,2,155,12,14,34,"308,593",95,0,1,2,1,0,0,95,196,25,1
00118,27,1,4,2,225,26,9,28,"308,593",95,0,1,1,0,0,2,69,169,24,1
00119,23,1,5,2,184,42,7,27,"308,593",95,0,1,0,0,0,0,58,167,21,1
00120,28,1,5,2,225,26,9,28,"308,593",95,0,1,1,0,0,2,69,169,24,1
00121,27,1,6,2,225,26,9,28,"308,593",95,0,1,1,0,0,2,69,169,24,0
00122,27,1,2,2,118,10,10,37,"308,593",95,0,1,0,0,0,0,83,172,28,1
00123,27,1,3,2,225,26,9,28,"308,593",95,0,1,1,0,0,2,69,169,24,1
00124,27,1,3,2,118,10,10,37,"308,593",95,0,1,0,0,0,0,83,172,28,1
00125,27,1,4,2,118,10,10,37,"308,593",95,0,1,0,0,0,0,83,172,28,1
00126,27,1,5,2,118,10,10,37,"308,593",95,0,1,0,0,0,0,83,172,28,1
00127,27,1,6,2,118,10,10,37,"308,593",95,0,1,0,0,0,0,83,172,28,1
00128,27,1,2,2,118,10,10,37,"308,593",95,0,1,0,0,0,0,83,172,28,1
00129,27,1,3,2,118,10,10,37,"308,593",95,0,1,0,0,0,0,83,172,28,1
00130,18,1,3,2,179,26,9,30,"308,593",95,0,3,0,0,0,0,56,171,19,1
00131,18,1,3,2,289,36,13,33,"308,593",95,0,1,2,1,0,1,90,172,30,1
00132,27,1,4,2,118,10,10,37,"308,593",95,0,1,0,0,0,0,83,172,28,1
00133,23,1,5,2,184,42,7,27,"308,593",95,0,1,0,0,0,0,58,167,21,1
00134,27,1,5,2,118,10,10,37,"308,593",95,0,1,0,0,0,0,83,172,28,1
00135,27,1,2,2,118,10,10,37,"308,593",95,0,1,0,0,0,0,83,172,28,0
00136,23,1,3,2,225,26,9,28,"308,593",95,0,1,1,0,0,2,69,169,24,0
00137,22,1,5,2,289,36,13,33,"308,593",95,0,1,2,1,0,1,90,172,30,1
00138,23,2,6,2,184,42,7,27,"302,585",99,0,1,0,0,0,0,58,167,21,0
00139,1,2,4,2,246,25,16,41,"302,585",99,0,1,0,1,0,0,67,170,23,1
00140,11,2,4,2,179,51,18,38,"302,585",99,0,1,0,1,0,0,89,170,31,1
00141,28,2,5,2,155,12,14,34,"302,585",99,0,1,2,1,0,0,95,196,25,1
00142,23,2,5,2,189,29,13,33,"302,585",99,0,1,2,0,0,2,69,167,25,1
00143,28,2,6,2,260,50,11,36,"302,585",99,0,1,4,1,0,0,65,168,23,1
00144,22,2,6,2,289,36,13,33,"302,585",99,0,1,2,1,0,1,90,172,30,1
00145,11,2,2,2,388,15,9,50,"302,585",99,0,1,0,0,0,0,76,178,24,1
00146,1,2,3,2,388,15,9,50,"302,585",99,0,1,0,0,0,0,76,178,24,1
00147,28,2,2,2,225,26,9,28,"302,585",99,0,1,1,0,0,2,69,169,24,1
00148,23,2,3,2,225,26,9,28,"302,585",99,0,1,1,0,0,2,69,169,24,1
00149,23,2,3,2,179,26,9,30,"302,585",99,0,3,0,0,0,0,56,171,19,0
00150,23,2,3,2,184,42,7,27,"302,585",99,0,1,0,0,0,0,58,167,21,1
00151,25,2,5,2,225,26,9,28,"302,585",99,0,1,1,0,0,2,69,169,24,1
00152,18,2,2,2,330,16,4,28,"302,585",99,0,2,0,0,0,0,84,182,25,1
00153,23,2,3,2,330,16,4,28,"302,585",99,0,2,0,0,0,0,84,182,25,0
00154,23,2,4,2,225,26,9,28,"302,585",99,0,1,1,0,0,2,69,169,24,0
00155,19,2,5,2,189,29,13,33,"302,585",99,0,1,2,0,0,2,69,167,25,1
00156,28,3,3,2,291,50,12,32,"343,253",95,0,1,0,1,0,0,65,169,23,1
00157,19,3,3,2,260,50,11,36,"343,253",95,0,1,4,1,0,0,65,168,23,1
00158,19,3,3,2,157,27,6,29,"343,253",95,0,1,0,1,1,0,75,185,22,1
00159,17,3,3,2,179,22,17,40,"343,253",95,0,2,2,0,1,0,63,170,22,1
00160,22,3,4,2,291,31,12,40,"343,253",95,0,1,1,1,0,1,73,171,25,1
00161,13,3,4,2,260,50,11,36,"343,253",95,0,1,4,1,0,0,65,168,23,1
00162,13,3,5,2,179,26,9,30,"343,253",95,0,3,0,0,0,0,56,171,19,1
00163,14,3,6,2,248,25,14,47,"343,253",95,0,1,2,0,0,1,86,165,32,1
00164,13,3,6,2,260,50,11,36,"343,253",95,0,1,4,1,0,0,65,168,23,1
00165,11,3,2,2,179,22,17,40,"343,253",95,0,2,2,0,1,0,63,170,22,1
00166,1,3,2,2,155,12,14,34,"343,253",95,0,1,2,1,0,0,95,196,25,1
00167,26,3,2,2,260,50,11,36,"343,253",95,0,1,4,1,0,0,65,168,23,1
00168,13,3,3,2,155,12,14,34,"343,253",95,0,1,2,1,0,0,95,196,25,1
00169,6,3,5,2,289,36,13,33,"343,253",95,0,1,2,1,0,1,90,172,30,1
00170,8,3,5,2,179,22,17,40,"343,253",95,0,2,2,0,1,0,63,170,22,1
00171,28,3,6,2,260,50,11,36,"343,253",95,0,1,4,1,0,0,65,168,23,1
00172,23,3,6,2,225,26,9,28,"343,253",95,0,1,1,0,0,2,69,169,24,0
00173,14,3,2,2,279,5,14,39,"343,253",95,0,1,2,1,1,0,68,168,24,1
00174,13,3,3,2,179,51,18,38,"343,253",95,0,1,0,1,0,0,89,170,31,1
00175,23,3,4,2,225,26,9,28,"343,253",95,0,1,1,0,0,2,69,169,24,1
00176,11,3,2,3,225,26,9,28,"343,253",95,0,1,1,0,0,2,69,169,24,1
00177,13,3,2,3,179,26,9,30,"343,253",95,0,3,0,0,0,0,56,171,19,0
00178,11,3,3,3,225,26,9,28,"343,253",95,0,1,1,0,0,2,69,169,24,1
00179,11,3,4,3,225,26,9,28,"343,253",95,0,1,1,0,0,2,69,169,24,1
00180,13,3,4,3,179,51,18,38,"343,253",95,0,1,0,1,0,0,89,170,31,1
00181,14,3,5,3,279,5,14,39,"343,253",95,0,1,2,1,1,0,68,168,24,1
00182,28,3,6,3,225,26,9,28,"343,253",95,0,1,1,0,0,2,69,169,24,1
00183,14,3,6,3,248,25,14,47,"343,253",95,0,1,2,0,0,1,86,165,32,1
00184,28,3,2,3,225,26,9,28,"343,253",95,0,1,1,0,0,2,69,169,24,0
00185,28,4,4,3,291,31,12,40,"326,452",96,0,1,1,1,0,1,73,171,25,0
00186,23,4,4,3,225,26,9,28,"326,452",96,0,1,1,0,0,2,69,169,24,0
00187,28,4,3,3,155,12,14,34,"326,452",96,0,1,2,1,0,0,95,196,25,0
00188,13,4,4,3,246,25,16,41,"326,452",96,0,1,0,1,0,0,67,170,23,1
00189,23,4,5,3,155,12,14,34,"326,452",96,0,1,2,1,0,0,95,196,25,0
00190,28,4,6,3,225,26,9,28,"326,452",96,0,1,1,0,0,2,69,169,24,1
00191,28,4,6,3,260,50,11,36,"326,452",96,0,1,4,1,0,0,65,168,23,1
00192,13,4,4,3,179,51,18,38,"326,452",96,0,1,0,1,0,0,89,170,31,1
00193,23,4,5,3,118,13,18,50,"326,452",96,0,1,1,1,0,0,98,178,31,0
00194,23,4,6,3,291,31,12,40,"326,452",96,0,1,1,1,0,1,73,171,25,1
00195,14,4,6,3,246,25,16,41,"326,452",96,0,1,0,1,0,0,67,170,23,1
00196,28,4,6,3,291,31,12,40,"326,452",96,0,1,1,1,0,1,73,171,25,0
00197,28,4,6,3,248,25,14,47,"326,452",96,0,1,2,0,0,1,86,165,32,1
00198,19,4,6,3,260,50,11,36,"326,452",96,0,1,4,1,0,0,65,168,23,1
00199,19,4,3,3,289,36,13,33,"326,452",96,0,1,2,1,0,1,90,172,30,1
00200,12,4,4,3,155,12,14,34,"326,452",96,0,1,2,1,0,0,95,196,25,1
00201,19,4,4,3,378,49,11,36,"326,452",96,0,1,2,0,1,4,65,174,21,1
00202,13,4,5,3,289,36,13,33,"326,452",96,0,1,2,1,0,1,90,172,30,1
00203,7,4,6,3,235,11,14,37,"326,452",96,0,3,1,0,0,1,88,172,29,1
00204,0,4,2,3,235,29,12,48,"326,452",96,1,1,1,0,1,5,88,163,33,0
00205,13,5,4,3,289,36,13,33,"378,884",92,0,1,2,1,0,1,90,172,30,1
00206,28,5,5,3,155,12,14,34,"378,884",92,0,1,2,1,0,0,95,196,25,1
00207,28,5,2,3,155,12,14,34,"378,884",92,0,1,2,1,0,0,95,196,25,0
00208,18,5,3,3,179,51,18,38,"378,884",92,0,1,0,1,0,0,89,170,31,1
00209,19,5,3,3,225,26,9,28,"378,884",92,0,1,1,0,0,2,69,169,24,1
00210,7,5,4,3,184,42,7,27,"378,884",92,0,1,0,0,0,0,58,167,21,1
00211,28,5,2,3,155,12,14,34,"378,884",92,0,1,2,1,0,0,95,196,25,1
00212,12,5,3,3,179,51,18,38,"378,884",92,0,1,0,1,0,0,89,170,31,0
00213,13,5,4,3,289,36,13,33,"378,884",92,0,1,2,1,0,1,90,172,30,1
00214,0,5,4,3,279,5,14,39,"378,884",92,1,1,2,1,1,0,68,168,24,0
00215,0,5,4,3,330,16,4,28,"378,884",92,1,2,0,0,0,0,84,182,25,0
00216,0,5,4,3,378,49,11,36,"378,884",92,1,1,2,0,1,4,65,174,21,0
00217,0,5,4,3,388,15,9,50,"378,884",92,1,1,0,0,0,0,76,178,24,0
00218,11,5,3,3,179,51,18,38,"378,884",92,0,1,0,1,0,0,89,170,31,0
00219,13,5,4,3,118,13,18,50,"378,884",92,0,1,1,1,0,0,98,178,31,1
00220,22,5,6,3,361,52,3,28,"378,884",92,0,1,1,1,0,4,80,172,27,1
00221,19,6,2,3,246,25,16,41,"377,550",94,0,1,0,1,0,0,67,170,23,1
00222,22,6,2,3,361,52,3,28,"377,550",94,0,1,1,1,0,4,80,172,27,1
00223,10,6,3,3,246,25,16,41,"377,550",94,0,1,0,1,0,0,67,170,23,1
00224,23,6,5,3,291,31,12,40,"377,550",94,0,1,1,1,0,1,73,171,25,1
00225,10,6,6,3,246,25,16,41,"377,550",94,0,1,0,1,0,0,67,170,23,1
00226,11,6,2,3,179,51,18,38,"377,550",94,0,1,0,1,0,0,89,170,31,1
00227,23,6,2,3,155,12,14,34,"377,550",94,0,1,2,1,0,0,95,196,25,1
00228,10,6,2,3,246,25,16,41,"377,550",94,0,1,0,1,0,0,67,170,23,1
00229,13,6,4,3,118,13,18,50,"377,550",94,0,1,1,1,0,0,98,178,31,1
00230,13,6,6,3,235,11,14,37,"377,550",94,0,3,1,0,0,1,88,172,29,1
00231,23,6,3,3,118,13,18,50,"377,550",94,0,1,1,1,0,0,98,178,31,0
00232,13,6,4,3,118,13,18,50,"377,550",94,0,1,1,1,0,0,98,178,31,1
00233,22,6,5,3,378,49,11,36,"377,550",94,0,1,2,0,1,4,65,174,21,1
00234,11,6,6,3,179,51,18,38,"377,550",94,0,1,0,1,0,0,89,170,31,1
00235,28,6,2,1,289,48,29,49,"377,550",94,0,1,0,0,0,2,108,172,36,1
00236,28,6,5,1,225,26,9,28,"377,550",94,0,1,1,0,0,2,69,169,24,1
00237,19,7,3,1,155,12,14,34,"275,312",98,0,1,2,1,0,0,95,196,25,1
00238,1,7,4,1,118,13,18,50,"275,312",98,0,1,1,1,0,0,98,178,31,1
00239,5,7,6,1,118,10,10,37,"275,312",98,0,1,0,0,0,0,83,172,28,1
00240,26,7,6,1,118,10,10,37,"275,312",98,0,1,0,0,0,0,83,172,28,1
00241,26,7,3,1,330,16,4,28,"275,312",98,0,2,0,0,0,0,84,182,25,1
00242,18,7,5,1,179,26,9,30,"275,312",98,0,3,0,0,0,0,56,171,19,1
00243,25,7,6,1,155,12,14,34,"275,312",98,0,1,2,1,0,0,95,196,25,1
00244,1,7,2,1,330,16,4,28,"275,312",98,0,2,0,0,0,0,84,182,25,1
00245,1,7,3,1,330,16,4,28,"275,312",98,0,2,0,0,0,0,84,182,25,1
00246,25,7,2,1,157,27,6,29,"275,312",98,0,1,0,1,1,0,75,185,22,1
00247,22,7,3,1,361,52,3,28,"275,312",98,0,1,1,1,0,4,80,172,27,1
00248,26,7,4,1,289,36,13,33,"275,312",98,0,1,2,1,0,1,90,172,30,1
00249,26,7,5,1,179,51,18,38,"275,312",98,0,1,0,1,0,0,89,170,31,1
00250,19,7,2,1,289,36,13,33,"275,312",98,0,1,2,1,0,1,90,172,30,1
00251,19,7,5,1,289,36,13,33,"275,312",98,0,1,2,1,0,1,90,172,30,1
00252,0,7,5,1,260,50,11,36,"275,312",98,1,1,4,1,0,0,65,168,23,0
00253,19,8,6,1,289,36,13,33,"265,615",94,0,1,2,1,0,1,90,172,30,1
00254,19,8,6,1,157,27,6,29,"265,615",94,0,1,0,1,1,0,75,185,22,1
00255,23,8,2,1,289,36,13,33,"265,615",94,0,1,2,1,0,1,90,172,30,0
00256,18,8,3,1,228,14,16,58,"265,615",94,0,1,2,0,0,1,65,172,22,1
00257,13,8,5,1,300,26,13,43,"265,615",94,0,1,2,1,1,1,77,175,25,0
00258,14,8,5,1,300,26,13,43,"265,615",94,0,1,2,1,1,1,77,175,25,1
00259,28,8,6,1,260,50,11,36,"265,615",94,0,1,4,1,0,0,65,168,23,1
00260,23,8,3,1,289,36,13,33,"265,615",94,0,1,2,1,0,1,90,172,30,1
00261,23,8,4,1,248,25,14,47,"265,615",94,0,1,2,0,0,1,86,165,32,0
00262,11,8,5,1,268,11,8,33,"265,615",94,0,2,0,0,0,0,79,178,25,1
00263,23,8,5,1,179,26,9,30,"265,615",94,0,3,0,0,0,0,56,171,19,0
00264,13,8,5,1,118,13,18,50,"265,615",94,0,1,1,1,0,0,98,178,31,1
00265,25,8,2,1,248,25,14,47,"265,615",94,0,1,2,0,0,1,86,165,32,1
00266,23,8,3,1,235,11,14,37,"265,615",94,0,3,1,0,0,1,88,172,29,0
00267,23,8,5,1,118,13,18,50,"265,615",94,0,1,1,1,0,0,98,178,31,0
00268,19,8,5,1,235,11,14,37,"265,615",94,0,3,1,0,0,1,88,172,29,1
00269,8,8,3,1,361,52,3,28,"265,615",94,0,1,1,1,0,4,80,172,27,1
00270,6,8,4,1,184,42,7,27,"265,615",94,0,1,0,0,0,0,58,167,21,1
00271,11,9,2,1,179,51,18,38,"294,217",81,0,1,0,1,0,0,89,170,31,1
00272,23,9,6,1,179,51,18,38,"294,217",81,0,1,0,1,0,0,89,170,31,1
00273,19,9,4,1,289,36,13,33,"294,217",81,0,1,2,1,0,1,90,172,30,1
00274,0,9,5,1,235,20,13,43,"294,217",81,1,1,1,1,0,0,106,167,38,0
00275,9,9,2,1,246,25,16,41,"294,217",81,0,1,0,1,0,0,67,170,23,1
00276,28,9,3,1,291,31,12,40,"294,217",81,0,1,1,1,0,1,73,171,25,1
00277,0,9,3,1,231,35,14,39,"294,217",81,1,1,2,1,0,2,100,170,35,0
00278,0,9,3,1,291,50,12,32,"294,217",81,1,1,0,1,0,0,65,169,23,0
00279,13,9,4,1,179,51,18,38,"294,217",81,0,1,0,1,0,0,89,170,31,1
00280,9,9,4,1,246,25,16,41,"294,217",81,0,1,0,1,0,0,67,170,23,1
00281,23,9,5,1,179,51,18,38,"294,217",81,0,1,0,1,0,0,89,170,31,0
00282,28,9,6,1,291,31,12,40,"294,217",81,0,1,1,1,0,1,73,171,25,1
00283,28,9,6,1,260,50,11,36,"294,217",81,0,1,4,1,0,0,65,168,23,1
00284,26,9,4,4,235,20,13,43,"294,217",81,0,1,1,1,0,0,106,167,38,1
00285,28,9,5,4,118,13,18,50,"294,217",81,0,1,1,1,0,0,98,178,31,0
00286,0,9,5,4,235,20,13,43,"294,217",81,1,1,1,1,0,0,106,167,38,0
00287,28,9,6,4,291,31,12,40,"294,217",81,0,1,1,1,0,1,73,171,25,1
00288,7,9,2,4,291,31,12,40,"294,217",81,0,1,1,1,0,1,73,171,25,1
00289,13,9,2,4,179,51,18,38,"294,217",81,0,1,0,1,0,0,89,170,31,1
00290,24,10,2,4,289,36,13,33,"265,017",88,0,1,2,1,0,1,90,172,30,1
00291,26,10,2,4,235,11,14,37,"265,017",88,0,3,1,0,0,1,88,172,29,1
00292,26,10,2,4,289,36,13,33,"265,017",88,0,1,2,1,0,1,90,172,30,1
00293,22,10,6,4,289,36,13,33,"265,017",88,0,1,2,1,0,1,90,172,30,1
00294,0,10,6,4,118,13,18,50,"265,017",88,1,1,1,1,0,0,98,178,31,0
00295,0,10,6,4,248,25,14,47,"265,017",88,1,1,2,0,0,1,86,165,32,0
00296,1,10,2,4,179,26,9,30,"265,017",88,0,3,0,0,0,0,56,171,19,1
00297,7,10,2,4,118,10,10,37,"265,017",88,0,1,0,0,0,0,83,172,28,1
00298,22,10,2,4,369,17,12,31,"265,017",88,0,1,3,1,0,0,70,169,25,1
00299,28,10,4,4,179,51,18,38,"265,017",88,0,1,0,1,0,0,89,170,31,0
00300,1,10,4,4,179,26,9,30,"265,017",88,0,3,0,0,0,0,56,171,19,1
00301,0,10,4,4,235,20,13,43,"265,017",88,1,1,1,1,0,0,106,167,38,0
00302,19,10,5,4,289,36,13,33,"265,017",88,0,1,2,1,0,1,90,172,30,1
00303,28,10,6,4,260,50,11,36,"265,017",88,0,1,4,1,0,0,65,168,23,1
00304,0,10,6,4,235,20,13,43,"265,017",88,1,1,1,1,0,0,106,167,38,0
00305,23,10,2,4,235,20,13,43,"265,017",88,0,1,1,1,0,0,106,167,38,1
00306,23,10,2,4,235,20,13,43,"265,017",88,0,1,1,1,0,0,106,167,38,1
00307,28,10,3,4,118,13,18,50,"265,017",88,0,1,1,1,0,0,98,178,31,0
00308,28,10,3,4,291,31,12,40,"265,017",88,0,1,1,1,0,1,73,171,25,1
00309,23,10,5,4,179,26,9,30,"265,017",88,0,3,0,0,0,0,56,171,19,1
00310,28,10,5,4,118,13,18,50,"265,017",88,0,1,1,1,0,0,98,178,31,0
00311,10,10,2,4,361,52,3,28,"265,017",88,0,1,1,1,0,4,80,172,27,1
00312,0,10,3,4,260,50,11,36,"265,017",88,1,1,4,1,0,0,65,168,23,0
00313,0,10,3,4,291,31,12,40,"265,017",88,1,1,1,1,0,1,73,171,25,0
00314,0,10,3,4,157,27,6,29,"265,017",88,1,1,0,1,1,0,75,185,22,0
00315,1,10,4,4,179,26,9,30,"265,017",88,0,3,0,0,0,0,56,171,19,1
00316,7,10,4,4,179,26,9,30,"265,017",88,0,3,0,0,0,0,56,171,19,1
00317,23,10,5,4,118,13,18,50,"265,017",88,0,1,1,1,0,0,98,178,31,0
00318,11,11,2,4,118,10,10,37,"284,031",97,0,1,0,0,0,0,83,172,28,1
00319,23,11,2,4,248,25,14,47,"284,031",97,0,1,2,0,0,1,86,165,32,1
00320,6,11,3,4,179,51,18,38,"284,031",97,0,1,0,1,0,0,89,170,31,1
00321,28,11,6,4,260,50,11,36,"284,031",97,0,1,4,1,0,0,65,168,23,1
00322,23,11,2,4,291,31,12,40,"284,031",97,0,1,1,1,0,1,73,171,25,0
00323,1,11,2,4,378,49,11,36,"284,031",97,0,1,2,0,1,4,65,174,21,1
00324,11,11,2,4,155,12,14,34,"284,031",97,0,1,2,1,0,0,95,196,25,1
00325,26,11,2,4,235,20,13,43,"284,031",97,0,1,1,1,0,0,106,167,38,1
00326,0,11,3,4,330,16,4,28,"284,031",97,1,2,0,0,0,0,84,182,25,0
00327,18,11,4,4,235,11,14,37,"284,031",97,0,3,1,0,0,1,88,172,29,0
00328,11,11,4,4,118,10,10,37,"284,031",97,0,1,0,0,0,0,83,172,28,1
00329,25,11,5,4,235,11,14,37,"284,031",97,0,3,1,0,0,1,88,172,29,1
00330,28,11,5,4,179,51,18,38,"284,031",97,0,1,0,1,0,0,89,170,31,1
00331,13,11,6,4,246,25,16,41,"284,031",97,0,1,0,1,0,0,67,170,23,1
00332,12,11,6,4,291,31,12,40,"284,031",97,0,1,1,1,0,1,73,171,25,1
00333,13,11,2,4,246,25,16,41,"284,031",97,0,1,0,1,0,0,67,170,23,1
00334,28,11,3,4,179,51,18,38,"284,031",97,0,1,0,1,0,0,89,170,31,0
00335,10,11,4,4,260,50,11,36,"284,031",97,0,1,4,1,0,0,65,168,23,1
00336,15,11,6,4,260,50,11,36,"284,031",97,0,1,4,1,0,0,65,168,23,1
00337,0,11,6,4,378,49,11,36,"284,031",97,1,1,2,0,1,4,65,174,21,0
00338,0,11,3,4,279,5,14,39,"284,031",97,1,1,2,1,1,0,68,168,24,0
00339,23,11,5,4,179,51,18,38,"284,031",97,0,1,0,1,0,0,89,170,31,0
00340,12,12,2,4,225,26,9,28,"236,629",93,0,1,1,0,0,2,69,169,24,1
00341,28,12,2,4,179,51,18,38,"236,629",93,0,1,0,1,0,0,89,170,31,1
00342,28,12,2,4,179,51,18,38,"236,629",93,0,1,0,1,0,0,89,170,31,0
00343,23,12,2,4,235,11,14,37,"236,629",93,0,3,1,0,0,1,88,172,29,1
00344,28,12,3,4,118,13,18,50,"236,629",93,0,1,1,1,0,0,98,178,31,0
00345,28,12,6,4,260,50,11,36,"236,629",93,0,1,4,1,0,0,65,168,23,1
00346,4,12,5,4,246,25,16,41,"236,629",93,0,1,0,1,0,0,67,170,23,1
00347,28,12,5,4,179,51,18,38,"236,629",93,0,1,0,1,0,0,89,170,31,0
00348,28,12,6,4,179,51,18,38,"236,629",93,0,1,0,1,0,0,89,170,31,0
00349,23,12,3,4,179,26,9,30,"236,629",93,0,3,0,0,0,0,56,171,19,0
00350,25,12,3,4,118,10,10,37,"236,629",93,0,1,0,0,0,0,83,172,28,1
00351,25,12,5,4,235,11,14,37,"236,629",93,0,3,1,0,0,1,88,172,29,1
00352,28,12,6,4,179,51,18,38,"236,629",93,0,1,0,1,0,0,89,170,31,0
00353,13,12,3,2,235,20,13,43,"236,629",93,0,1,1,1,0,0,106,167,38,1
00354,14,12,3,2,235,11,14,37,"236,629",93,0,3,1,0,0,1,88,172,29,1
00355,26,12,4,2,260,50,11,36,"236,629",93,0,1,4,1,0,0,65,168,23,1
00356,28,12,2,2,157,27,6,29,"236,629",93,0,1,0,1,1,0,75,185,22,1
00357,28,12,2,2,179,51,18,38,"236,629",93,0,1,0,1,0,0,89,170,31,1
00358,19,12,2,2,289,36,13,33,"236,629",93,0,1,2,1,0,1,90,172,30,1
00359,23,1,4,2,225,26,9,28,"330,061",100,0,1,1,0,0,2,69,169,24,1
00360,19,1,2,2,118,10,10,37,"330,061",100,0,1,0,0,0,0,83,172,28,1
00361,23,1,2,2,155,12,14,34,"330,061",100,0,1,2,1,0,0,95,196,25,1
00362,13,1,3,2,235,11,14,37,"330,061",100,0,3,1,0,0,1,88,172,29,0
00363,23,1,3,2,155,12,14,34,"330,061",100,0,1,2,1,0,0,95,196,25,1
00364,26,1,2,2,289,36,13,33,"330,061",100,0,1,2,1,0,1,90,172,30,1
00365,3,1,4,2,291,31,12,40,"330,061",100,0,1,1,1,0,1,73,171,25,1
00366,26,1,2,2,235,20,13,43,"330,061",100,0,1,1,1,0,0,106,167,38,1
00367,26,1,2,2,118,13,18,50,"330,061",100,0,1,1,1,0,0,98,178,31,1
00368,28,1,4,2,179,51,18,38,"330,061",100,0,1,0,1,0,0,89,170,31,0
00369,28,1,6,2,179,51,18,38,"330,061",100,0,1,0,1,0,0,89,170,31,0
00370,28,2,3,2,118,10,10,37,"251,818",96,0,1,0,0,0,0,83,172,28,1
00371,27,2,4,2,179,51,18,38,"251,818",96,0,1,0,1,0,0,89,170,31,1
00372,7,2,4,2,225,26,9,28,"251,818",96,0,1,1,0,0,2,69,169,24,0
00373,22,2,6,2,289,36,13,33,"251,818",96,0,1,2,1,0,1,90,172,30,1
00374,28,2,6,2,260,50,11,36,"251,818",96,0,1,4,1,0,0,65,168,23,1
00375,23,2,6,2,179,51,18,38,"251,818",96,0,1,0,1,0,0,89,170,31,1
00376,27,2,2,2,179,51,18,38,"251,818",96,0,1,0,1,0,0,89,170,31,1
00377,27,2,4,2,179,51,18,38,"251,818",96,0,1,0,1,0,0,89,170,31,1
00378,10,2,5,2,179,51,18,38,"251,818",96,0,1,0,1,0,0,89,170,31,1
00379,26,2,5,2,246,25,16,41,"251,818",96,0,1,0,1,0,0,67,170,23,1
00380,27,2,6,2,179,51,18,38,"251,818",96,0,1,0,1,0,0,89,170,31,1
00381,22,2,2,2,189,29,13,33,"251,818",96,0,1,2,0,0,2,69,167,25,1
00382,27,2,2,2,179,51,18,38,"251,818",96,0,1,0,1,0,0,89,170,31,1
00383,23,2,3,2,246,25,16,41,"251,818",96,0,1,0,1,0,0,67,170,23,1
00384,23,2,3,2,291,31,12,40,"251,818",96,0,1,1,1,0,1,73,171,25,1
00385,11,2,4,2,157,27,6,29,"251,818",96,0,1,0,1,1,0,75,185,22,1
00386,27,2,4,2,179,51,18,38,"251,818",96,0,1,0,1,0,0,89,170,31,1
00387,27,2,6,2,179,51,18,38,"251,818",96,0,1,0,1,0,0,89,170,31,1
00388,10,2,6,2,246,25,16,41,"251,818",96,0,1,0,1,0,0,67,170,23,1
00389,27,2,4,2,179,51,18,38,"251,818",96,0,1,0,1,0,0,89,170,31,1
00390,27,2,6,2,179,51,18,38,"251,818",96,0,1,0,1,0,0,89,170,31,1
00391,18,3,3,2,118,10,10,37,"244,387",98,0,1,0,0,0,0,83,172,28,1
00392,19,3,4,2,246,25,16,41,"244,387",98,0,1,0,1,0,0,67,170,23,1
00393,28,3,6,2,246,25,16,41,"244,387",98,0,1,0,1,0,0,67,170,23,1
00394,28,3,6,2,260,50,11,36,"244,387",98,0,1,4,1,0,0,65,168,23,1
00395,28,3,2,2,179,51,18,38,"244,387",98,0,1,0,1,0,0,89,170,31,1
00396,22,3,2,2,235,11,14,37,"244,387",98,0,3,1,0,0,1,88,172,29,1
00397,22,3,3,2,179,22,17,40,"244,387",98,0,2,2,0,1,0,63,170,22,1
00398,22,3,3,2,378,49,11,36,"244,387",98,0,1,2,0,1,4,65,174,21,1
00399,28,3,2,2,179,51,18,38,"244,387",98,0,1,0,1,0,0,89,170,31,1
00400,22,3,4,2,361,52,3,28,"244,387",98,0,1,1,1,0,4,80,172,27,1
00401,0,3,4,2,369,17,12,31,"244,387",98,1,1,3,1,0,0,70,169,25,0
00402,21,3,5,2,235,11,14,37,"244,387",98,0,3,1,0,0,1,88,172,29,1
00403,23,3,6,3,118,13,18,50,"244,387",98,0,1,1,1,0,0,98,178,31,1
00404,14,3,3,3,118,13,18,50,"244,387",98,0,1,1,1,0,0,98,178,31,1
00405,13,3,4,3,118,13,18,50,"244,387",98,0,1,1,1,0,0,98,178,31,1
00406,0,3,5,3,235,11,14,37,"244,387",98,1,3,1,0,0,1,88,172,29,0
00407,0,3,5,3,246,25,16,41,"244,387",98,1,1,0,1,0,0,67,170,23,0
00408,0,3,5,3,118,13,18,50,"244,387",98,1,1,1,1,0,0,98,178,31,0
00409,28,3,6,3,179,51,18,38,"244,387",98,0,1,0,1,0,0,89,170,31,1
00410,22,3,6,3,289,36,13,33,"244,387",98,0,1,2,1,0,1,90,172,30,1
00411,19,3,2,3,260,50,11,36,"244,387",98,0,1,4,1,0,0,65,168,23,1
00412,28,3,3,3,246,25,16,41,"244,387",98,0,1,0,1,0,0,67,170,23,1
00413,28,4,4,3,179,51,18,38,"239,409",98,0,1,0,1,0,0,89,170,31,1
00414,28,4,6,3,260,50,11,36,"239,409",98,0,1,4,1,0,0,65,168,23,1
00415,26,4,6,3,330,16,4,28,"239,409",98,0,2,0,0,0,0,84,182,25,1
00416,22,4,2,3,369,17,12,31,"239,409",98,0,1,3,1,0,0,70,169,25,1
00417,26,4,2,3,248,25,14,47,"239,409",98,0,1,2,0,0,1,86,165,32,1
00418,23,4,4,3,330,16,4,28,"239,409",98,0,2,0,0,0,0,84,182,25,1
00419,28,4,4,3,179,51,18,38,"239,409",98,0,1,0,1,0,0,89,170,31,1
00420,23,4,2,3,118,13,18,50,"239,409",98,0,1,1,1,0,0,98,178,31,0
00421,13,4,4,3,118,13,18,50,"239,409",98,0,1,1,1,0,0,98,178,31,1
00422,28,4,6,3,300,26,13,43,"239,409",98,0,1,2,1,1,1,77,175,25,1
00423,28,4,6,3,260,50,11,36,"239,409",98,0,1,4,1,0,0,65,168,23,1
00424,28,4,2,3,179,51,18,38,"239,409",98,0,1,0,1,0,0,89,170,31,1
00425,11,4,4,3,118,10,10,37,"239,409",98,0,1,0,0,0,0,83,172,28,1
00426,13,5,2,3,235,20,13,43,"246,074",99,0,1,1,1,0,0,106,167,38,1
00427,23,5,4,3,248,25,14,47,"246,074",99,0,1,2,0,0,1,86,165,32,1
00428,10,5,2,3,369,17,12,31,"246,074",99,0,1,3,1,0,0,70,169,25,1
00429,23,5,4,3,179,26,9,30,"246,074",99,0,3,0,0,0,0,56,171,19,1
00430,28,5,4,3,179,51,18,38,"246,074",99,0,1,0,1,0,0,89,170,31,1
00431,23,5,5,3,361,52,3,28,"246,074",99,0,1,1,1,0,4,80,172,27,0
00432,28,5,6,3,260,50,11,36,"246,074",99,0,1,4,1,0,0,65,168,23,1
00433,11,5,2,3,179,22,17,40,"246,074",99,0,2,2,0,1,0,63,170,22,1
00434,8,5,2,3,179,22,17,40,"246,074",99,0,2,2,0,1,0,63,170,22,1
00435,18,5,4,3,228,14,16,58,"246,074",99,0,1,2,0,0,1,65,172,22,1
00436,25,5,4,3,225,26,9,28,"246,074",99,0,1,1,0,0,2,69,169,24,1
00437,13,5,6,3,330,16,4,28,"246,074",99,0,2,0,0,0,0,84,182,25,1
00438,25,5,2,3,179,26,9,30,"246,074",99,0,3,0,0,0,0,56,171,19,1
00439,28,5,2,3,118,10,10,37,"246,074",99,0,1,0,0,0,0,83,172,28,0
00440,1,5,2,3,235,11,14,37,"246,074",99,0,3,1,0,0,1,88,172,29,1
00441,23,5,4,3,179,26,9,30,"246,074",99,0,3,0,0,0,0,56,171,19,1
00442,23,6,2,3,118,10,10,37,"253,957",95,0,1,0,0,0,0,83,172,28,1
00443,28,6,2,3,179,51,18,38,"253,957",95,0,1,0,1,0,0,89,170,31,1
00444,28,6,3,3,118,10,10,37,"253,957",95,0,1,0,0,0,0,83,172,28,1
00445,23,6,5,3,225,26,9,28,"253,957",95,0,1,1,0,0,2,69,169,24,1
00446,28,6,6,3,260,50,11,36,"253,957",95,0,1,4,1,0,0,65,168,23,1
00447,0,6,6,3,179,51,18,38,"253,957",95,1,1,0,1,0,0,89,170,31,0
00448,13,6,2,3,291,31,12,40,"253,957",95,0,1,1,1,0,1,73,171,25,1
00449,28,6,2,3,179,51,18,38,"253,957",95,0,1,0,1,0,0,89,170,31,1
00450,28,6,3,3,246,25,16,41,"253,957",95,0,1,0,1,0,0,67,170,23,1
00451,28,6,2,3,179,51,18,38,"253,957",95,0,1,0,1,0,0,89,170,31,1
00452,26,6,3,3,235,20,13,43,"253,957",95,0,1,1,1,0,0,106,167,38,1
00453,28,6,2,1,179,51,18,38,"253,957",95,0,1,0,1,0,0,89,170,31,1
00454,23,6,4,1,225,26,9,28,"253,957",95,0,1,1,0,0,2,69,169,24,1
00455,23,6,4,1,118,13,18,50,"253,957",95,0,1,1,1,0,0,98,178,31,1
00456,5,6,4,1,179,51,18,38,"253,957",95,0,1,0,1,0,0,89,170,31,1
00457,21,6,4,1,179,26,9,30,"253,957",95,0,3,0,0,0,0,56,171,19,1
00458,28,6,6,1,246,25,16,41,"253,957",95,0,1,0,1,0,0,67,170,23,1
00459,11,6,3,1,330,16,4,28,"253,957",95,0,2,0,0,0,0,84,182,25,0
00460,13,6,3,1,235,11,14,37,"253,957",95,0,3,1,0,0,1,88,172,29,1
00461,23,7,5,1,179,26,9,30,"230,290",92,0,3,0,0,0,0,56,171,19,1
00462,25,7,5,1,225,26,9,28,"230,290",92,0,1,1,0,0,2,69,169,24,1
00463,13,7,6,1,260,50,11,36,"230,290",92,0,1,4,1,0,0,65,168,23,1
00464,7,7,2,1,268,11,8,33,"230,290",92,0,2,0,0,0,0,79,178,25,1
00465,25,7,6,1,330,16,4,28,"230,290",92,0,2,0,0,0,0,84,182,25,1
00466,26,7,6,1,118,10,10,37,"230,290",92,0,1,0,0,0,0,83,172,28,1
00467,26,7,2,1,260,50,11,36,"230,290",92,0,1,4,1,0,0,65,168,23,1
00468,28,7,3,1,118,10,10,37,"230,290",92,0,1,0,0,0,0,83,172,28,1
00469,15,7,2,1,300,26,13,43,"230,290",92,0,1,2,1,1,1,77,175,25,1
00470,23,7,2,1,235,29,12,48,"230,290",92,0,1,1,0,1,5,88,163,33,0
00471,28,7,3,1,246,25,16,41,"230,290",92,0,1,0,1,0,0,67,170,23,1
00472,9,7,3,1,225,26,9,28,"230,290",92,0,1,1,0,0,2,69,169,24,1
00473,28,7,3,1,179,51,18,38,"230,290",92,0,1,0,1,0,0,89,170,31,0
00474,23,7,6,1,118,13,18,50,"230,290",92,0,1,1,1,0,0,98,178,31,0
00475,22,7,6,1,361,52,3,28,"230,290",92,0,1,1,1,0,4,80,172,27,1
00476,22,7,2,1,289,36,13,33,"230,290",92,0,1,2,1,0,1,90,172,30,1
00477,26,7,2,1,235,20,13,43,"230,290",92,0,1,1,1,0,0,106,167,38,1
00478,28,7,3,1,246,25,16,41,"230,290",92,0,1,0,1,0,0,67,170,23,1
00479,28,7,5,1,291,31,12,40,"230,290",92,0,1,1,1,0,1,73,171,25,0
00480,23,7,5,1,279,5,14,39,"230,290",92,0,1,2,1,1,0,68,168,24,1
00481,25,8,5,1,179,51,18,38,"249,797",93,0,1,0,1,0,0,89,170,31,1
00482,25,8,2,1,179,22,17,40,"249,797",93,0,2,2,0,1,0,63,170,22,0
00483,28,8,3,1,246,25,16,41,"249,797",93,0,1,0,1,0,0,67,170,23,1
00484,28,8,3,1,118,10,10,37,"249,797",93,0,1,0,0,0,0,83,172,28,1
00485,26,8,3,1,289,36,13,33,"249,797",93,0,1,2,1,0,1,90,172,30,1
00486,26,8,3,1,235,20,13,43,"249,797",93,0,1,1,1,0,0,106,167,38,1
00487,28,8,5,1,291,31,12,40,"249,797",93,0,1,1,1,0,1,73,171,25,1
00488,25,8,2,1,179,51,18,38,"249,797",93,0,1,0,1,0,0,89,170,31,1
00489,25,8,3,1,179,22,17,40,"249,797",93,0,2,2,0,1,0,63,170,22,1
00490,23,8,5,1,330,16,4,28,"249,797",93,0,2,0,0,0,0,84,182,25,1
00491,23,8,3,1,235,11,14,37,"249,797",93,0,3,1,0,0,1,88,172,29,1
00492,28,8,3,1,246,25,16,41,"249,797",93,0,1,0,1,0,0,67,170,23,0
00493,28,8,3,1,118,10,10,37,"249,797",93,0,1,0,0,0,0,83,172,28,1
00494,28,8,5,1,291,31,12,40,"249,797",93,0,1,1,1,0,1,73,171,25,1
00495,28,8,2,1,260,50,11,36,"249,797",93,0,1,4,1,0,0,65,168,23,1
00496,28,9,3,1,246,25,16,41,"261,756",87,0,1,0,1,0,0,67,170,23,0
00497,28,9,3,1,246,25,16,41,"261,756",87,0,1,0,1,0,0,67,170,23,0
00498,28,9,3,1,118,10,10,37,"261,756",87,0,1,0,0,0,0,83,172,28,1
00499,23,9,3,1,155,12,14,34,"261,756",87,0,1,2,1,0,0,95,196,25,1
00500,28,9,5,1,291,31,12,40,"261,756",87,0,1,1,1,0,1,73,171,25,1
